poljubiti	besar; dar un beso
zagrliti	abrazar
viknuti	gritar
vikati	gritar
šaptati	susurrar
smiriti se	calmarse
opustiti se	relajarse
radovati se	alegrarse; tener ganas de
zaspati	dormirse; quedarse dormido
tuširati se	bañarse; ducharse
kupati se	bañarse; nadar
obuti se	ponerse los zapatos
izuti se	quitarse los zapatos
spremiti	ordenar; preparar; guardar
spremati	ordenar; preparar; guardar
počistiti	limpiar
zaključati	cerrar con llave
otključati	abrir (con llave)
sakriti	esconder
pokriti	cubrir; tapar
premjestiti	mover; cambiar de lugar
oduzeti	restar; quitar
zbrojiti	sumar
mjeriti	medir
žvakati	masticar
progutati	tragar
natočiti	servir (bebida); verter
proliti	derramar
rezervirati	reservar
potvrditi	confirmar
odbiti	rechazar; negarse
predložiti	proponer; sugerir
savjetovati	aconsejar
ponuditi	ofrecer
primijetiti	notar; darse cuenta
prepoznati	reconocer
ispričati se	disculparse; pedir perdón
doručkovati	desayunar
zvoniti	sonar; tocar el timbre
ples	baile
Amerikanac	estadounidense; americano
Amerikanka	estadounidense (mujer); americana
Austrijanac	austriaco
Austrijanka	austriaca
direktorica	directora; gerente
Engleskinja	inglesa
Englez	inglés
Francuskinja	francesa
Francuz	francés
frizer	peluquero; barbero
frizerka	peluquera
glumica	actriz
Hrvat	croata
Hrvatica	croata (mujer)
Hrvatska	Croacia
kolegica	colega (mujer); compañera de trabajo
kuhar	cocinero; chef
kuharica	cocinera; libro de cocina
ljubazan	amable; atento
Nijemac	alemán
Njemica	alemana
novinarka	periodista (mujer); reportera
odakle	de dónde
odvjetnica	abogada
odvjetnik	abogado
pilotkinja	piloto (mujer)
policajka	policía (mujer)
radnica	trabajadora; obrera
simpatičan	simpático; agradable
Talijan	italiano
Talijanka	italiana
turistkinja	turista (mujer)
vozačica	chofer (mujer); conductora
vratarka	portera; arquera
vrijedan	trabajador; aplicado; valioso
zabavan	divertido; entretenido
šefica	jefa
Španjolac	español
Španjolka	española
gutati	tragar
izuvati se	quitarse los zapatos
natakati	servir (bebida); verter
nuditi	ofrecer
obuvati se	ponerse los zapatos
odbijati	rechazar
oduzimati	restar; quitar
otključavati	abrir (con llave)
pokrivati	cubrir; tapar
potvrđivati	confirmar
predlagati	proponer; sugerir
premještati	mover; trasladar
prepoznavati	reconocer
prolijevati	derramar
skrivati	esconder
zaključavati	cerrar con llave
zbrajati	sumar
izmjeriti	medir
okupati se	bañarse
zazvoniti	sonar; tocar el timbre
opisivati	describir
opraštati	perdonar
prepisivati	copiar; transcribir
zapisivati	anotar; apuntar
nacrtati	dibujar
tuljan	foca
zrcalo	espejo
pokrivač	cobija; manta; cubierta
sag	alfombra; tapete
zrakoplov	avión; aeronave
zračna luka	aeropuerto
struk	cintura
kikiriki	maní; cacahuate
maslina	aceituna; olivo
večera	cena
šampanjac	champán; champaña
rakija	aguardiente (rakija)
napitak	bebida
kapučino	capuchino
čajnik	tetera
slamka	popote; pajita
gutljaj	sorbo; trago
burek	burek (pastel de hojaldre relleno)
fritula	buñuelo
lignja	calamar
gulaš	gulash
jelen	ciervo; venado
patka	pato
guska	ganso
pijetao	gallo
slon	elefante
majmun	mono; chango
tigar	tigre
žirafa	jirafa
krokodil	cocodrilo
zmija	serpiente; víbora
kornjača	tortuga
puž	caracol
leptir	mariposa
mrav	hormiga
pauk	araña
dupin	delfín
kit	ballena
rak	cangrejo; langostino de río
hobotnica	pulpo
sova	búho; lechuza
orao	águila
vjeverica	ardilla
jež	erizo
šišmiš	murciélago
janje	cordero
mače	gatito
štene	cachorro
štakor	rata
bratić	primo
sestrična	prima
starac	anciano; viejo
skupina	grupo
narod	pueblo; nación
beba	bebé
tinejdžer	adolescente
tetak	tío (esposo de la tía)
nećakinja	sobrina
svekar	suegro (padre del esposo)
svekrva	suegra (madre del esposo)
punac	suegro (padre de la esposa)
punica	suegra (madre de la esposa)
zet	yerno; cuñado (esposo de la hermana)
snaha	nuera; cuñada (esposa del hermano)
šogor	cuñado
kum	padrino; testigo de boda
pekar	panadero
slikar	pintor
ribar	pescador
mesar	carnicero
zidar	albañil
stolar	carpintero
mehaničar	mecánico
električar	electricista
inženjer	ingeniero
programer	programador
vodoinstalater	plomero
prodavač	vendedor; dependiente
krojač	sastre
navijač	aficionado; hincha
vodič	guía
odgojitelj	educador de preescolar
vatrogasac	bombero
seljak	campesino
poljoprivrednik	agricultor; granjero
arhitekt	arquitecto
znanstvenik	científico
sudac	árbitro; juez
luka	puerto
tvornica	fábrica
vrtić	jardín de niños; kínder
dvorana	sala; salón; gimnasio
fontana	fuente
akvarij	acuario
tvrđava	fortaleza
dvorac	castillo
svjetionik	faro
tavan	ático; desván
kauč	sofá; sillón
stepenice	escaleras
blagovaonica	comedor
predsoblje	recibidor; vestíbulo
prag	umbral
zvono	campana; timbre
lift	elevador; ascensor
pekarnica	panadería
policija	policía
kavana	café; cafetería
groblje	cementerio
bazen	alberca; piscina; pileta
tržni centar	centro comercial
spavaća soba	dormitorio; recámara
dnevna soba	sala; living
dnevni boravak	sala; estancia
kamion	camión
romobil	monopatín; patín del diablo
helikopter	helicóptero
volan	volante
traktor	tractor
bager	excavadora
vagon	vagón
gliser	lancha rápida
motocikl	motocicleta; moto
kombi	camioneta; furgoneta
raketa	cohete
sidro	ancla
jedro	vela
kolica	carrito; carriola
jedrilica	velero; planeador
skija	esquí
koturaljka	patín (de ruedas)
sanjke	trineo
žičara	teleférico
kamp-kućica	casa rodante; caravana
kanu	canoa
podmornica	submarino
češalj	peine
četkica	cepillo de dientes; cepillito
svijeća	vela
ljepilo	pegamento
bilježnica	cuaderno
kist	pincel
zdjela	tazón; bol
metla	escoba
alat	herramienta; herramientas
čekić	martillo
ljestve	escalera (de mano)
uže	cuerda; soga
lanac	cadena
zemljovid	mapa
zastava	bandera
igračka	juguete
kocka	dado; cubo
naljepnica	calcomanía; etiqueta
kutlača	cucharón
vaza	florero; jarrón
pila	sierra
odvijač	desarmador; destornillador
kliješta	pinzas; alicates
bušilica	taladro
čavao	clavo
vijak	tornillo
lopata	pala
sjekira	hacha
pladanj	charola; bandeja
sito	colador; tamiz
cjedilo	colador; escurridor
brusilica	esmeriladora; lijadora
turpija	lima (herramienta)
grablje	rastrillo
vile	horquilla; bieldo
motika	azadón
kosilica	podadora; cortadora de pasto
pumpa	bomba
dizalica	grúa; gato (de auto)
traka	cinta; tira; listón
valjak	rodillo; cilindro
vrč	jarra
žličica	cucharita
kalup	molde
lijevak	embudo
lopatica	espátula; palita
ribež	rallador
otvarač	abridor
pjenjača	batidor
džezva	cafetera turca
termosica	termo
krpa	trapo
spužva	esponja
glačalo	plancha (de ropa)
vješalica	gancho; percha
koš	canasta; cesto; bote de basura
fotelja	sillón
komoda	cómoda
klupa	banca; pupitre
ležaljka	camastro; silla de playa
ograda	cerca; reja
ručni sat	reloj de pulsera
baterijska svjetiljka	linterna
daska za rezanje	tabla de picar
produžni kabel	extensión (eléctrica)
aluminijska folija	papel aluminio
pojas	cinturón
džep	bolsillo; bolsa (MX)
gumb	botón
prsluk	chaleco
ogrtač	capa; bata
trenirka	conjunto deportivo; pants (MX)
japanka	chancla; sandalia de playa
gležnjača	botín
kratke hlače	pantalones cortos; short
grom	trueno; rayo
vatra	fuego
slap	cascada
biljka	planta
školjka	concha
koralj	coral
ruža	rosa
hrast	roble
bor	pino
breza	abedul
vrba	sauce
palma	palmera
djetelina	trébol
kopriva	ortiga
mahovina	musgo
mimoza	mimosa
lavanda	lavanda
stijena	roca
litica	acantilado
ravnica	llanura
močvara	pantano
rosa	rocío
poplava	inundación
lipa	tilo; lipa (moneda croata)
tratinčica	margarita
ljubičica	violeta
metvica	menta; hierbabuena
orhideja	orquídea
kesten	castaña; castaño
tulipan	tulipán
ljiljan	lirio; azucena
suncokret	girasol
karanfil	clavel
kaktus	cactus
bršljan	hiedra
maslačak	diente de león
bosiljak	albahaca
ružmarin	romero
peršin	perejil
paprat	helecho
ponoć	medianoche
praznik	día festivo; feriado
raspored	horario
zora	amanecer; alba
sumrak	atardecer; crepúsculo
pljusak	aguacero; chubasco
nevrijeme	temporal; mal tiempo
sjena	sombra
suša	sequía
blato	lodo; barro
želja	deseo
osjećaj	sentimiento; sensación
hrabrost	valor; valentía
smijeh	risa
suza	lágrima
zagrljaj	abrazo
poljubac	beso
tjeskoba	ansiedad; angustia
ljubomora	celos
zavist	envidia
znatiželja	curiosidad
lijenost	flojera; pereza
samoća	soledad
mržnja	odio
krivnja	culpa
upornost	persistencia; constancia
poštenje	honestidad
dobrota	bondad
skromnost	modestia
samopouzdanje	confianza en sí mismo; autoestima
e-pošta	correo electrónico
igrica	videojuego; jueguito
zvučnik	bocina; parlante; altavoz
kamera	cámara
tipka	tecla; botón
video	video
struja	electricidad; corriente
mikrofon	micrófono
smještaj	alojamiento; hospedaje
recepcija	recepción
razgledavanje	recorrido turístico
šator	tienda de campaña; carpa
osiguranje	seguro
razglednica	postal
prijevod	traducción
književnost	literatura
informatika	informática; computación
razred	clase; grado; año escolar
učionica	salón de clases; aula
ploča	pizarrón; pizarra
kreda	gis; tiza
predavanje	conferencia; clase (universitaria)
rečenica	oración
raspust	vacaciones escolares
gumica	goma de borrar; liga
šiljilo	sacapuntas
ravnalo	regla
pernica	estuche; lapicera
bojica	lápiz de color; crayón
flomaster	plumón; marcador
šestar	compás
blok	bloc; cuaderno de dibujo; bloque
atlas	atlas
dnevnik	diario; lista de clase; noticiero
rukomet	balonmano
odbojka	voleibol
biciklizam	ciclismo
skijanje	esquí
ronjenje	buceo
planinarenje	senderismo; montañismo
medalja	medalla
pobjeda	victoria; triunfo
poraz	derrota
teren	cancha; campo
atletika	atletismo
gimnastika	gimnasia
boks	boxeo
klizanje	patinaje
veslanje	remo
reket	raqueta
palica	palo; bate
kaciga	casco
štitnik	protector
uteg	pesa
strunjača	colchoneta
violina	violín
flauta	flauta
truba	trompeta
mandolina	mandolina
tuba	tuba
tamburica	tamburica (laúd croata)
harmonika	acordeón
harfa	arpa
frula	flauta dulce; flauta pastoril
zvečka	sonaja; sonajero
bas-gitara	bajo eléctrico
saksofon	saxofón
ksilofon	xilófono
klarinet	clarinete
trombon	trombón
kontrabas	contrabajo
sintesajzer	sintetizador
triangl	triángulo (instrumento)
bubanj	tambor
bendžo	banjo
ukulele	ukulele
činele	platillos
orgulje	órgano (instrumento)
gajde	gaita
usna harmonika	armónica
dimnjak	chimenea
šaka	puño; mano
loš	malo
mek	suave; blando
tvrd	duro
siromašan	pobre
sličan	parecido; similar
pikantan	picante
prevoditi	traducir
prevesti	traducir
penjati se	trepar; escalar; subir
popeti se	subir; trepar
slaviti	celebrar; festejar
proslaviti	celebrar; festejar
pripremiti	preparar
pripremati	preparar
