# id segmenta<TAB>jezik (hr = ostavi, en = prevedi)
daily-2026-08-24.md#3#s5.0	en
gramatika-07.md#13#s8	en
gramatika-13.md#1#s1	en
gramatika-20.md#5#s7	en
gramatika-19.md#6#s8.0	en
lekcija-01.md#12#s8.1	en
lekcija-02.md#11#s8.1	en
lekcija-13.md#2#s8.0	en
praksa-02.md#8#s4.0	en
test-15.md#13#s18.0	en
test-16.md#13#s16.0	en
test-19.md#9#s7.0	en
gramatika-10.md#3#s4.0	en
gramatika-10.md#3#s5.0	en
gramatika-10.md#3#s19.0	en
gramatika-10.md#3#s20.0	en
test-10.md#5#s4.0	en
test-10.md#5#s5.0	en
test-10.md#5#s16.0	en
test-10.md#5#s17.0	en
lekcija-10.md#8#s4.0	en
lekcija-10.md#8#s5.0	en
lekcija-10.md#8#s21.0	en
lekcija-10.md#8#s22.0	en
lekcija-09.md#8#s1.0	en
lekcija-09.md#8#s2.0	en
lekcija-09.md#8#s3.0	en
lekcija-09.md#8#s4.0	en
lekcija-09.md#8#s5.0	en
lekcija-09.md#8#s6.0	en
lekcija-09.md#8#s7.0	en
lekcija-09.md#8#s8.0	en
lekcija-09.md#8#s9.0	en
lekcija-09.md#8#s10.0	en
lekcija-10.md#2#s1.0	en
lekcija-10.md#2#s2.0	en
lekcija-10.md#2#s3.0	en
lekcija-10.md#2#s4.0	en
lekcija-10.md#2#s5.0	en
lekcija-10.md#2#s6.0	en
lekcija-10.md#2#s7.0	en
lekcija-10.md#2#s8.0	en
lekcija-10.md#2#s9.0	en
lekcija-10.md#2#s10.0	en
lekcija-10.md#2#s11.0	en
lekcija-10.md#2#s12.0	en
lekcija-16.md#6#s1.0	en
lekcija-16.md#6#s2.0	en
lekcija-16.md#6#s3.0	en
lekcija-16.md#6#s4.0	en
lekcija-16.md#6#s5.0	en
lekcija-16.md#6#s6.0	en
lekcija-16.md#6#s7.0	en
lekcija-16.md#6#s8.0	en
lekcija-16.md#6#s9.0	en
lekcija-16.md#6#s10.0	en
lekcija-17.md#8#s1.1	en
lekcija-17.md#8#s2.1	en
lekcija-17.md#8#s3.1	en
lekcija-17.md#8#s4.1	en
lekcija-17.md#8#s5.1	en
lekcija-17.md#8#s6.1	en
lekcija-17.md#8#s7.1	en
lekcija-17.md#8#s9.1	en
lekcija-17.md#8#s10.1	en
lekcija-17.md#8#s11.1	en
lekcija-17.md#8#s12.1	en
lekcija-17.md#8#s13.1	en
lekcija-17.md#8#s14.1	en
lekcija-17.md#8#s15.1	en
lekcija-17.md#8#s16.1	en
lekcija-18.md#5#s1.0	en
lekcija-18.md#5#s2.0	en
lekcija-18.md#5#s3.0	en
lekcija-18.md#5#s4.0	en
lekcija-18.md#5#s5.0	en
lekcija-18.md#5#s6.0	en
lekcija-18.md#5#s7.0	en
lekcija-18.md#5#s8.0	en
lekcija-20.md#14#s1.0	en
lekcija-20.md#14#s2.0	en
lekcija-20.md#14#s3.0	en
lekcija-20.md#14#s4.0	en
lekcija-20.md#14#s5.0	en
lekcija-20.md#14#s6.0	en
lekcija-20.md#14#s7.0	en
lekcija-20.md#14#s8.0	en
lekcija-20.md#14#s9.0	en
lekcija-20.md#14#s10.0	en
lekcija-20.md#14#s11.0	en
lekcija-20.md#14#s12.0	en
test-17.md#5#s1.1	en
test-17.md#5#s2.1	en
test-17.md#5#s3.1	en
test-17.md#5#s4.1	en
test-17.md#5#s6.1	en
test-17.md#5#s7.1	en
test-17.md#5#s9.1	en
test-17.md#5#s10.1	en
test-17.md#5#s11.1	en
test-17.md#5#s12.1	en
test-17.md#5#s13.1	en
test-17.md#5#s14.1	en
test-17.md#5#s15.1	en
test-17.md#5#s16.1	en
gramatika-03.md#9#s3.0	en
gramatika-03.md#9#s5.0	en
gramatika-03.md#9#s8.0	en
gramatika-03.md#9#s9.0	en
gramatika-14.md#12#s1.0	en
gramatika-14.md#12#s2.0	en
gramatika-14.md#12#s3.0	en
gramatika-14.md#12#s4.0	en
gramatika-14.md#12#s6.0	en
gramatika-14.md#12#s8.0	en
gramatika-14.md#12#s10.0	en
lekcija-13.md#2#s6.0	en
lekcija-13.md#2#s7.0	en
lekcija-13.md#2#s9.0	en
lekcija-13.md#2#s11.0	en
praksa-14.md#9#s6.0	en
test-01.md#5#s11.0	en
test-01.md#5#s25.0	en
test-01.md#5#s61.0	en
test-02.md#8#s11.0	en
test-02.md#8#s12.0	en
test-02.md#8#s22.0	en
test-02.md#8#s37.0	en
test-13.md#8#s1.0	en
test-13.md#8#s2.0	en
test-13.md#8#s3.0	en
test-13.md#8#s4.0	en
test-13.md#8#s5.0	en
test-13.md#8#s6.0	en
test-13.md#8#s7.0	en
test-13.md#8#s8.0	en
test-13.md#8#s9.0	en
test-13.md#8#s10.0	en
test-13.md#8#s11.0	en
test-14.md#9#s1.0	en
test-14.md#9#s2.0	en
test-14.md#9#s3.0	en
test-14.md#9#s4.0	en
test-14.md#9#s5.0	en
test-14.md#9#s6.0	en
test-14.md#9#s8.0	en
test-16.md#13#s7.0	en
upis-lekcija1.md#0#s1	en
upis-lekcija1.md#0#s2	en
upis-lekcija1.md#0#s3	en
upis-lekcija1.md#0#s4	en
upis-lekcija1.md#0#s5	en
upis-lekcija1.md#0#s6	en
upis-lekcija1.md#0#s7	en
upis-lekcija1.md#0#s10	en
