en	hr	de	gdje
Your first Croatian sentences		Deine ersten kroatischen Sätze	Lesson 1:h
The coffee is good.	Kava je dobra.	Der Kaffee ist gut.	Lesson 1:ex
The sea is blue.	More je plavo.	Das Meer ist blau.	Lesson 1:ex
The city is big.	Grad je velik.	Die Stadt ist groß.	Lesson 1:t
The house is big.	Kuća je velika.	Das Haus ist groß.	Lesson 1:t
The sea is big.	More je veliko.	Das Meer ist groß.	Lesson 1:t
house	kuća	Haus	Lesson 1:w
city	grad	Stadt	Lesson 1:w
sea	more	Meer	Lesson 1:w
coffee	kava	Kaffee	Lesson 1:w
Things, colours and sizes		Dinge, Farben und Größen	Vocabulary 1:h
About 40 everyday words.		Etwa 40 Alltagswörter.	Vocabulary 1:s
room	soba	Zimmer	Vocabulary 1:w
table	stol	Tisch	Vocabulary 1:w
book	knjiga	Buch	Vocabulary 1:w
red	crven	rot	Vocabulary 1:w
blue	plav	blau	Vocabulary 1:w
yellow	žut	gelb	Vocabulary 1:w
big	velik	groß	Vocabulary 1:w
small	mali	klein	Vocabulary 1:w
new	nov	neu	Vocabulary 1:w
Endings that match		Endungen, die zusammenpassen	Grammar 1:h
The coffee isn't good.	Kava nije dobra.	Der Kaffee ist nicht gut.	Grammar 1:ex
is	je	ist	Grammar 1:w
isn't	nije	ist nicht	Grammar 1:w
Read your first texts		Lies deine ersten Texte	Practice 1:h
A city, a room and a café.		Eine Stadt, ein Zimmer und ein Café.	Practice 1:s
A coffee, please.	Kava, molim.	Einen Kaffee, bitte.	Practice 1:t
Here you are.	Izvolite.	Bitte schön.	Practice 1:t
Thank you!	Hvala!	Danke!	Practice 1:t
Show what you know		Zeig, was du kannst	Test 1:h
Words, endings and simple sentences.		Wörter, Endungen und einfache Sätze.	Test 1:s
Talking about people		Über Menschen sprechen	Lesson 2:h
I am a student.	Ja sam studentica.	Ich bin Studentin.	Lesson 2:ex
She is tall.	Ona je visoka.	Sie ist groß.	Lesson 2:ex
I am Ana.	Ja sam Ana.	Ich bin Ana.	Lesson 2:t
You are Marko.	Ti si Marko.	Du bist Marko.	Lesson 2:t
They are cheerful.	Oni su veseli.	Sie sind fröhlich.	Lesson 2:t
I	ja	ich	Lesson 2:w
you	ti	du	Lesson 2:w
he	on	er	Lesson 2:w
she	ona	sie	Lesson 2:w
Jobs, countries, character		Berufe, Länder, Charakter	Vocabulary 2:h
People words and your first greetings.		Wörter für Menschen und deine ersten Begrüßungen.	Vocabulary 2:s
cook	kuhar	Koch	Vocabulary 2:w
driver	vozač	Fahrer	Vocabulary 2:w
teacher	učitelj	Lehrer	Vocabulary 2:w
Croat	Hrvat	Kroate	Vocabulary 2:w
Italian	Talijan	Italiener	Vocabulary 2:w
German	Nijemac	Deutscher	Vocabulary 2:w
How are you?	Kako si?	Wie geht's dir?	Vocabulary 2:t
I'm fine.	Dobro sam.	Mir geht's gut.	Vocabulary 2:t
"The verb ""to be"""		Das Verb „sein“	Grammar 2:h
We are tourists.	Mi smo turisti.	Wir sind Touristen.	Grammar 2:ex
I'm not hungry.	Nisam gladan.	Ich habe keinen Hunger.	Grammar 2:ex
Meet new people		Neue Leute kennenlernen	Practice 2:h
Introductions, a café and a team.		Vorstellungen, ein Café und ein Team.	Practice 2:s
Who are you?	Tko si ti?	Wer bist du?	Practice 2:t
How are you?	Kako ste?	Wie geht es Ihnen?	Practice 2:t
I'm fine, thanks.	Dobro sam, hvala.	Mir geht's gut, danke.	Practice 2:t
"People, ""to be"" and introductions."		Menschen, „sein“ und Vorstellungen.	Test 2:s
I am	sam	ich bin	Test 2:w
we are	smo	wir sind	Test 2:w
they are	su	sie sind	Test 2:w
Things you do		Was du tust	Lesson 3:h
I'm drinking tea.	Pijem čaj.	Ich trinke Tee.	Lesson 3:ex
Ana is working.	Ana radi.	Ana arbeitet.	Lesson 3:ex
I read	čitam	ich lese	Lesson 3:t
you read	čitaš	du liest	Lesson 3:t
he / she reads	čita	er / sie liest	Lesson 3:t
drink	piti	trinken	Lesson 3:w
eat	jesti	essen	Lesson 3:w
work	raditi	arbeiten	Lesson 3:w
sleep	spavati	schlafen	Lesson 3:w
Everyday verbs		Alltagsverben	Vocabulary 3:h
Verbs and the things that go with them.		Verben und was dazugehört.	Vocabulary 3:s
read	čitati	lesen	Vocabulary 3:w
write	pisati	schreiben	Vocabulary 3:w
bread	kruh	Brot	Vocabulary 3:w
cheese	sir	Käse	Vocabulary 3:w
tea	čaj	Tee	Vocabulary 3:w
always	uvijek	immer	Vocabulary 3:w
often	često	oft	Vocabulary 3:w
never	nikad	nie	Vocabulary 3:w
The present tense		Das Präsens	Grammar 3:h
I'm learning Croatian.	Učim hrvatski.	Ich lerne Kroatisch.	Grammar 3:ex
I'm not drinking juice.	Ne pijem sok.	Ich trinke keinen Saft.	Grammar 3:ex
A day of actions		Ein Tag voller Tätigkeiten	Practice 3:h
A flat, an evening and a quiet Sunday.		Eine Wohnung, ein Abend und ein ruhiger Sonntag.	Practice 3:s
What are you doing?	Što radiš?	Was machst du?	Practice 3:t
I'm watching a film.	Gledam film.	Ich schaue einen Film.	Practice 3:t
Everyday verbs in the present.		Alltagsverben im Präsens.	Test 3:s
I don't drink	ne pijem	ich trinke nicht	Test 3:w
The family		Die Familie	Lesson 4:h
Dad cooks, my brother studies.	Tata kuha, a brat uči.	Papa kocht, mein Bruder lernt.	Lesson 4:ex
Mum works and reads.	Mama radi i čita.	Mama arbeitet und liest.	Lesson 4:ex
and	i	und	Lesson 4:t
and, while	a	und, während	Lesson 4:t
but	ali	aber	Lesson 4:t
mum	mama	Mama	Lesson 4:w
dad	tata	Papa	Lesson 4:w
brother	brat	Bruder	Lesson 4:w
sister	sestra	Schwester	Lesson 4:w
Family and home		Familie und Zuhause	Vocabulary 4:h
Close family, wider family and new verbs.		Engste Familie, weitere Familie und neue Verben.	Vocabulary 4:s
grandma	baka	Oma	Vocabulary 4:w
child	dijete	Kind	Vocabulary 4:w
have	imati	haben	Vocabulary 4:w
cook	kuhati	kochen	Vocabulary 4:w
live	živjeti	leben, wohnen	Vocabulary 4:w
Joining sentences		Sätze verbinden	Grammar 4:h
I'm not swimming because it's cold.	Ne plivam jer je hladno.	Ich schwimme nicht, weil es kalt ist.	Grammar 4:ex
because	jer	weil	Grammar 4:t
Family life		Familienleben	Practice 4:h
A family, a busy morning and Saturday at home.		Eine Familie, ein hektischer Morgen und ein Samstag zu Hause.	Practice 4:s
This is a family.	Ovo je obitelj.	Das ist eine Familie.	Practice 4:t
What are you doing today?	Što radiš danas?	Was machst du heute?	Practice 4:t
Grandma is cooking.	Baka kuha.	Oma kocht.	Practice 4:t
Family words, verbs and joining words.		Familienwörter, Verben und Bindewörter.	Test 4:s
Shopping		Einkaufen	Lesson 5:h
I'm drinking coffee.	Pijem kavu.	Ich trinke Kaffee.	Lesson 5:ex
Do you need a bag?	Trebate li vrećicu?	Brauchen Sie eine Tüte?	Lesson 5:ex
I'm eating an apple.	Jedem jabuku.	Ich esse einen Apfel.	Lesson 5:t
water	voda	Wasser	Lesson 5:w
fish	riba	Fisch	Lesson 5:w
Shopping and food		Einkaufen und Essen	Vocabulary 5:h
Market words and 10 new verbs.		Marktwörter und 10 neue Verben.	Vocabulary 5:s
soup	juha	Suppe	Vocabulary 5:w
rice	riža	Reis	Vocabulary 5:w
milk	mlijeko	Milch	Vocabulary 5:w
meat	meso	Fleisch	Vocabulary 5:w
buy	kupovati	kaufen	Vocabulary 5:w
need	trebati	brauchen	Vocabulary 5:w
pay	plaćati	bezahlen	Vocabulary 5:w
Your first case		Dein erster Fall	Grammar 5:h
I'm buying fresh lettuce.	Kupujem svježu salatu.	Ich kaufe frischen Salat.	Grammar 5:ex
I'm going to the shop.	Idem u trgovinu.	Ich gehe in den Laden.	Grammar 5:ex
to the shop	u trgovinu	in den Laden	Grammar 5:w
to the market	na tržnicu	auf den Markt	Grammar 5:w
At the market		Auf dem Markt	Practice 5:h
A market, a note on the fridge and breakfast.		Ein Markt, ein Zettel am Kühlschrank und Frühstück.	Practice 5:s
Ana is buying an apple.	Ana kupuje jabuku.	Ana kauft einen Apfel.	Practice 5:t
We need bread and rice.	Trebamo kruh i rižu.	Wir brauchen Brot und Reis.	Practice 5:t
I love coffee!	Volim kavu!	Ich liebe Kaffee!	Practice 5:t
Food, shopping and your first case.		Essen, Einkaufen und dein erster Fall.	Test 5:s
bread (no change)	kruh	Brot (keine Änderung)	Test 5:w
In the city		In der Stadt	Lesson 6:h
I see a friend.	Vidim prijatelja.	Ich sehe einen Freund.	Lesson 6:ex
I'm waiting for the tram.	Čekam tramvaj.	Ich warte auf die Straßenbahn.	Lesson 6:ex
I see a tram.	Vidim tramvaj.	Ich sehe eine Straßenbahn.	Lesson 6:t
I see a dog.	Vidim psa.	Ich sehe einen Hund.	Lesson 6:t
street	ulica	Straße	Lesson 6:w
square	trg	Platz	Lesson 6:w
bridge	most	Brücke	Lesson 6:w
The city and traffic		Die Stadt und der Verkehr	Vocabulary 6:h
People, transport and places in town.		Menschen, Verkehrsmittel und Orte in der Stadt.	Vocabulary 6:s
tram	tramvaj	Straßenbahn	Vocabulary 6:w
train	vlak	Zug	Vocabulary 6:w
bike	bicikl	Fahrrad	Vocabulary 6:w
see	vidjeti	sehen	Vocabulary 6:w
hear	čuti	hören	Vocabulary 6:w
drive	voziti	fahren	Vocabulary 6:w
People and things		Menschen und Dinge	Grammar 6:h
I'm waiting for a friend.	Čekam prijatelja.	Ich warte auf einen Freund.	Grammar 6:ex
I see him.	Vidim ga.	Ich sehe ihn.	Grammar 6:ex
me	me	mich	Grammar 6:w
you	te	dich	Grammar 6:w
him	ga	ihn	Grammar 6:w
her	je	sie	Grammar 6:w
City life		Stadtleben	Practice 6:h
A tram ride, a busy street and a lost dog.		Eine Straßenbahnfahrt, eine belebte Straße und ein verlorener Hund.	Practice 6:s
Ana is waiting for the tram.	Ana čeka tramvaj.	Ana wartet auf die Straßenbahn.	Practice 6:t
The tram is full.	Tramvaj je pun.	Die Straßenbahn ist voll.	Practice 6:t
Excuse me!	Oprostite!	Entschuldigung!	Practice 6:t
The city and the whole first case.		Die Stadt und der ganze erste Fall.	Test 6:s
him, it	ga	ihn, es	Test 6:w
At school: more than one		In der Schule: mehr als eins	Lesson 7:h
The books are new.	Knjige su nove.	Die Bücher sind neu.	Lesson 7:ex
The pupils are singing.	Učenici pjevaju.	Die Schüler singen.	Lesson 7:ex
school	škola	Schule	Lesson 7:w
pencil	olovka	Bleistift	Lesson 7:w
exam	ispit	Prüfung	Lesson 7:w
School and songs		Schule und Lieder	Vocabulary 7:h
School words, plurals and 10 new verbs.		Schulwörter, Plural und 10 neue Verben.	Vocabulary 7:s
bag	torba	Tasche	Vocabulary 7:w
grade	ocjena	Note	Vocabulary 7:w
homework	zadaća	Hausaufgabe	Vocabulary 7:w
sing	pjevati	singen	Vocabulary 7:w
play	igrati	spielen	Vocabulary 7:w
know	znati	wissen	Vocabulary 7:w
The plural		Der Plural	Grammar 7:h
The tables are old.	Stolovi su stari.	Die Tische sind alt.	Grammar 7:ex
The children are singing.	Djeca pjevaju.	Die Kinder singen.	Grammar 7:ex
School days		Schultage	Practice 7:h
A school, a timetable, a choir and new pupils.		Eine Schule, ein Stundenplan, ein Chor und neue Schüler.	Practice 7:s
Good morning, children!	Dobro jutro, djeco!	Guten Morgen, Kinder!	Practice 7:t
Plural nouns, adjectives and verbs.		Nomen, Adjektive und Verben im Plural.	Test 7:s
Summer plans		Sommerpläne	Lesson 8:h
I will swim.	Plivat ću.	Ich werde schwimmen.	Lesson 8:ex
We will travel.	Mi ćemo putovati.	Wir werden reisen.	Lesson 8:ex
We will travel on Saturday.	Putovat ćemo u subotu.	Wir werden am Samstag reisen.	Lesson 8:t
I won't swim.	Neću plivati.	Ich werde nicht schwimmen.	Lesson 8:t
beach	plaža	Strand	Lesson 8:w
island	otok	Insel	Lesson 8:w
tomorrow	sutra	morgen	Lesson 8:w
Plans and travel		Pläne und Reisen	Vocabulary 8:h
Holidays, days, clothes and 10 new verbs.		Urlaub, Tage, Kleidung und 10 neue Verben.	Vocabulary 8:s
suitcase	kofer	Koffer	Vocabulary 8:w
weekend	vikend	Wochenende	Vocabulary 8:w
week	tjedan	Woche	Vocabulary 8:w
travel	putovati	reisen	Vocabulary 8:w
swim	plivati	schwimmen	Vocabulary 8:w
fly	letjeti	fliegen	Vocabulary 8:w
The future		Das Futur	Grammar 8:h
Tomorrow I will swim.	Sutra ću plivati.	Morgen werde ich schwimmen.	Grammar 8:ex
I won't work.	Neću raditi.	Ich werde nicht arbeiten.	Grammar 8:ex
Plans and journeys		Pläne und Fahrten	Practice 8:h
A summer plan, a packing list and a train ticket.		Ein Sommerplan, eine Packliste und eine Zugfahrkarte.	Practice 8:s
We will go to Split.	Ići ćemo u Split.	Wir werden nach Split fahren.	Practice 8:t
I will get up early.	Ustat ću rano.	Ich werde früh aufstehen.	Practice 8:t
Dad will drive.	Tata će voziti.	Papa wird fahren.	Practice 8:t
Plans, travel and the future.		Pläne, Reisen und das Futur.	Test 8:s
I will swim.	Ja ću plivati.	Ich werde schwimmen.	Test 8:t
Sport and hobbies		Sport und Hobbys	Lesson 9:h
My hobby is photography.	Moj hobi je fotografija.	Mein Hobby ist Fotografie.	Lesson 9:ex
My knee hurts.	Boli me koljeno.	Mein Knie tut weh.	Lesson 9:ex
my jersey	moj dres	mein Trikot	Lesson 9:t
my ball	moja lopta	mein Ball	Lesson 9:t
my knee	moje koljeno	mein Knie	Lesson 9:t
head	glava	Kopf	Lesson 9:w
arm	ruka	Arm	Lesson 9:w
leg	noga	Bein	Lesson 9:w
heart	srce	Herz	Lesson 9:w
"Sport, body and ""my"""		Sport, Körper und „mein“	Vocabulary 9:h
Sport words, the body and whose it is.		Sportwörter, der Körper und wem was gehört.	Vocabulary 9:s
club	klub	Verein	Vocabulary 9:w
coach	trener	Trainer	Vocabulary 9:w
player	igrač	Spieler	Vocabulary 9:w
my	moj	mein	Vocabulary 9:w
your	tvoj	dein	Vocabulary 9:w
our	naš	unser	Vocabulary 9:w
Mine, yours, ours		Mein, dein, unser	Grammar 9:h
his guitar	njegova gitara	seine Gitarre	Grammar 9:ex
Marko loves his own sister.	Marko voli svoju sestru.	Marko liebt seine (eigene) Schwester.	Grammar 9:ex
my / his / her own	svoj	mein / sein / ihr eigener	Grammar 9:w
whose	čiji	wessen	Grammar 9:w
Our club, my hobby		Unser Verein, mein Hobby	Practice 9:h
A hobby, a lost ball and a football club.		Ein Hobby, ein verlorener Ball und ein Fußballverein.	Practice 9:s
Is this your ball?	Je li ovo tvoja lopta?	Ist das dein Ball?	Practice 9:t
Yes, it's mine!	Da, moja je!	Ja, das ist meiner!	Practice 9:t
Our club is small.	Naš klub je mali.	Unser Verein ist klein.	Practice 9:t
Possessives, sport and the body.		Possessivpronomen, Sport und der Körper.	Test 9:s
Yesterday		Gestern	Lesson 10:h
I watched a film.	Gledao sam film.	Ich habe einen Film geschaut.	Lesson 10:ex
It was perfect.	Bilo je savršeno.	Es war perfekt.	Lesson 10:ex
He watched.	On je gledao.	Er hat geschaut.	Lesson 10:t
She watched.	Ona je gledala.	Sie hat geschaut.	Lesson 10:t
They watched.	Oni su gledali.	Sie haben geschaut.	Lesson 10:t
yesterday	jučer	gestern	Lesson 10:w
last night	sinoć	gestern Abend	Lesson 10:w
Yesterday and free time		Gestern und Freizeit	Vocabulary 10:h
Films, time words and phrases for stories.		Filme, Zeitwörter und Wendungen zum Erzählen.	Vocabulary 10:s
series	serija	Serie	Vocabulary 10:w
comedy	komedija	Komödie	Vocabulary 10:w
theatre	kazalište	Theater	Vocabulary 10:w
recently	nedavno	neulich	Vocabulary 10:w
How was it?	Kako je bilo?	Wie war es?	Vocabulary 10:t
It was great!	Bilo je super!	Es war super!	Vocabulary 10:t
The past tense		Die Vergangenheit	Grammar 10:h
Yesterday I watched a film.	Jučer sam gledao film.	Gestern habe ich einen Film geschaut.	Grammar 10:ex
I didn't have time.	Nisam imao vremena.	Ich hatte keine Zeit.	Grammar 10:ex
I (did)	sam	ich (habe gemacht)	Grammar 10:w
I didn't	nisam	ich habe nicht	Grammar 10:w
Last weekend		Letztes Wochenende	Practice 10:h
A lazy Saturday, the seaside and a family weekend.		Ein fauler Samstag, das Meer und ein Familienwochenende.	Practice 10:s
Where were you yesterday?	Gdje si bio jučer?	Wo warst du gestern?	Practice 10:t
I was at the seaside.	Bio sam na moru.	Ich war am Meer.	Practice 10:t
I swam.	Plivao sam.	Ich bin geschwommen.	Practice 10:t
The past tense and free time.		Die Vergangenheit und Freizeit.	Test 10:s
I wasn't / didn't	nisam	ich war nicht / habe nicht	Test 10:w
Asking questions		Fragen stellen	Lesson 11:h
What are you buying?	Što kupuješ?	Was kaufst du?	Lesson 11:ex
How much is it?	Koliko košta?	Wie viel kostet das?	Lesson 11:ex
Where do you live?	Gdje živiš?	Wo wohnst du?	Lesson 11:t
Do you like coffee?	Voliš li kavu?	Magst du Kaffee?	Lesson 11:t
It's nice, isn't it?	Lijepo je, zar ne?	Schön, nicht wahr?	Lesson 11:t
1	jedan	1	Lesson 11:w
5	pet	5	Lesson 11:w
10	deset	10	Lesson 11:w
20	dvadeset	20	Lesson 11:w
Questions and numbers		Fragen und Zahlen	Vocabulary 11:h
Question words, numbers and birthdays.		Fragewörter, Zahlen und Geburtstage.	Vocabulary 11:s
who	tko	wer	Vocabulary 11:w
what	što	was	Vocabulary 11:w
where	gdje	wo	Vocabulary 11:w
when	kada	wann	Vocabulary 11:w
why	zašto	warum	Vocabulary 11:w
how much	koliko	wie viel	Vocabulary 11:w
five	pet	fünf	Vocabulary 11:w
ten	deset	zehn	Vocabulary 11:w
a hundred	sto	hundert	Vocabulary 11:w
Three ways to ask		Drei Arten zu fragen	Grammar 11:h
When are you coming?	Kada dolaziš?	Wann kommst du?	Grammar 11:ex
Do you like coffee? — I do.	Voliš li kavu? — Volim.	Magst du Kaffee? – Ja.	Grammar 11:ex
Where are you?	Gdje si?	Wo bist du?	Grammar 11:t
Are you tired?	Jesi li umoran?	Bist du müde?	Grammar 11:t
You're tired, right?	Umoran si, zar ne?	Du bist müde, oder?	Grammar 11:t
which	koji	welcher	Grammar 11:w
what kind	kakav	was für ein	Grammar 11:w
The present mystery		Das Geschenkrätsel	Practice 11:h
A birthday present, a mystery box and a quiz.		Ein Geburtstagsgeschenk, eine geheimnisvolle Kiste und ein Quiz.	Practice 11:s
For whom?	Za koga?	Für wen?	Practice 11:t
Who sent the present?	Tko je poslao poklon?	Wer hat das Geschenk geschickt?	Practice 11:t
Happy birthday!	Sretan rođendan!	Alles Gute zum Geburtstag!	Practice 11:t
Questions, numbers and prices.		Fragen, Zahlen und Preise.	Test 11:s
How old are you?	Koliko godina imaš?	Wie alt bist du?	Test 11:t
I'm twenty.	Imam dvadeset godina.	Ich bin zwanzig.	Test 11:t
Saying no		Nein sagen	Lesson 12:h
I'm not eating anything.	Ništa ne jedem.	Ich esse nichts.	Lesson 12:ex
I never drink milk.	Nikad ne pijem mlijeko.	Ich trinke nie Milch.	Lesson 12:ex
I am not	nisam	ich bin nicht	Lesson 12:t
I don't have	nemam	ich habe nicht	Lesson 12:t
I won't	neću	ich werde nicht	Lesson 12:t
nothing	ništa	nichts	Lesson 12:w
nobody	nitko	niemand	Lesson 12:w
Food we (don't) like		Essen, das wir (nicht) mögen	Vocabulary 12:h
Food, tastes and eating out.		Essen, Geschmack und auswärts essen.	Vocabulary 12:s
chicken	piletina	Hähnchen	Vocabulary 12:w
mushrooms	gljive	Pilze	Vocabulary 12:w
pancakes	palačinke	Pfannkuchen	Vocabulary 12:w
salty	slan	salzig	Vocabulary 12:w
sour	kiseo	sauer	Vocabulary 12:w
spicy	ljut	scharf	Vocabulary 12:w
Enjoy your meal!	Dobar tek!	Guten Appetit!	Vocabulary 12:t
The bill, please.	Račun, molim.	Die Rechnung, bitte.	Vocabulary 12:t
Negation		Verneinung	Grammar 12:h
Nobody is cooking.	Nitko ne kuha.	Niemand kocht.	Grammar 12:ex
I don't drink coffee, but tea.	Ne pijem kavu, nego čaj.	Ich trinke keinen Kaffee, sondern Tee.	Grammar 12:ex
something → nothing	nešto → ništa	etwas → nichts	Grammar 12:t
somebody → nobody	netko → nitko	jemand → niemand	Grammar 12:t
sometimes → never	nekad → nikad	manchmal → nie	Grammar 12:t
not yet	još ne	noch nicht	Grammar 12:w
no longer	više ne	nicht mehr	Grammar 12:w
The picky eaters		Die heiklen Esser	Practice 12:h
Soup, a restaurant and a child who eats nothing.		Suppe, ein Restaurant und ein Kind, das nichts isst.	Practice 12:s
I don't like soup.	Ne volim juhu.	Ich mag keine Suppe.	Practice 12:t
Do you have fish?	Imate li ribu?	Haben Sie Fisch?	Practice 12:t
Sorry, we don't.	Nažalost, nemamo.	Leider nicht.	Practice 12:t
Saying no, and food.		Nein sagen, und Essen.	Test 12:s
I don't have time.	Nemam vremena.	Ich habe keine Zeit.	Test 12:t
I won't come.	Neću doći.	Ich komme nicht.	Test 12:t
Where are you?		Wo bist du?	Lesson 13:h
I'm in town.	Ja sam u gradu.	Ich bin in der Stadt.	Lesson 13:ex
Ana is at school.	Ana je u školi.	Ana ist in der Schule.	Lesson 13:ex
I'm going to town.	Idem u grad.	Ich gehe in die Stadt.	Lesson 13:t
post office	pošta	Post	Lesson 13:w
kitchen	kuhinja	Küche	Lesson 13:w
upstairs	gore	oben	Lesson 13:w
Places and home		Orte und Zuhause	Vocabulary 13:h
Places in town, rooms and furniture.		Orte in der Stadt, Zimmer und Möbel.	Vocabulary 13:s
pharmacy	ljekarna	Apotheke	Vocabulary 13:w
harbour	luka	Hafen	Vocabulary 13:w
bathroom	kupaonica	Badezimmer	Vocabulary 13:w
hall	hodnik	Flur	Vocabulary 13:w
up	gore	oben	Vocabulary 13:w
down	dolje	unten	Vocabulary 13:w
there	tamo	dort	Vocabulary 13:w
The locative		Der Lokativ	Grammar 13:h
I work in an office.	Radim u uredu.	Ich arbeite in einem Büro.	Grammar 13:ex
I'm talking about you.	Pričam o tebi.	Ich rede über dich.	Grammar 13:ex
in the bank	u banci	in der Bank	Grammar 13:w
about me	o meni	über mich	Grammar 13:w
Around town		Unterwegs in der Stadt	Practice 13:h
A neighbourhood, a phone call and a family chat.		Ein Viertel, ein Telefonat und ein Familiengespräch.	Practice 13:s
I'm on the bus.	U autobusu sam.	Ich bin im Bus.	Practice 13:t
I'm still at the office.	Još sam u uredu.	Ich bin noch im Büro.	Practice 13:t
Where people and things are.		Wo Menschen und Dinge sind.	Test 13:s
Giving presents		Geschenke machen	Lesson 14:h
I'm buying Mum a scarf.	Mami kupujem šal.	Ich kaufe Mama einen Schal.	Lesson 14:ex
I'm helping my brother.	Pomažem bratu.	Ich helfe meinem Bruder.	Lesson 14:ex
to Mum	mama → mami	der Mama	Lesson 14:t
to Dad	tata → tati	dem Papa	Lesson 14:t
to my brother	brat → bratu	meinem Bruder	Lesson 14:t
package	paket	Paket	Lesson 14:w
toy	igračka	Spielzeug	Lesson 14:w
postcard	razglednica	Postkarte	Lesson 14:w
Giving and receivers		Geben und Empfänger	Vocabulary 14:h
Gifts, receivers and December words.		Geschenke, Empfänger und Dezemberwörter.	Vocabulary 14:s
necklace	ogrlica	Halskette	Vocabulary 14:w
umbrella	kišobran	Regenschirm	Vocabulary 14:w
give	davati	geben	Vocabulary 14:w
send	slati	schicken	Vocabulary 14:w
bring	donijeti	bringen	Vocabulary 14:w
Christmas	Božić	Weihnachten	Vocabulary 14:w
snow	snijeg	Schnee	Vocabulary 14:w
message	poruka	Nachricht	Vocabulary 14:w
The dative		Der Dativ	Grammar 14:h
Grandma is sending me a package.	Baka mi šalje paket.	Oma schickt mir ein Paket.	Grammar 14:ex
To me, not to you!	Meni, ne tebi!	Mir, nicht dir!	Grammar 14:ex
me		mir	Grammar 14:g
you		dir	Grammar 14:g
him		ihm	Grammar 14:g
her		ihr	Grammar 14:g
To whom?	Komu?	Wem?	Grammar 14:w
December gifts		Dezembergeschenke	Practice 14:h
Presents, a postman and a card from Grandma.		Geschenke, ein Briefträger und eine Karte von Oma.	Practice 14:s
Who are you writing to?	Komu pišeš?	Wem schreibst du?	Practice 14:t
I'm writing to Grandma.	Pišem baki.	Ich schreibe Oma.	Practice 14:t
Merry Christmas!	Sretan Božić!	Frohe Weihnachten!	Practice 14:t
Giving to someone, and being somewhere.		Jemandem etwas geben und irgendwo sein.	Test 14:s
I give Mum flowers.	Dajem mami cvijeće.	Ich gebe Mama Blumen.	Test 14:t
Mum is in the kitchen.	Mama je u kuhinji.	Mama ist in der Küche.	Test 14:t
Going out		Ausgehen	Lesson 15:h
I'm going with Marko.	Idem s Markom.	Ich gehe mit Marko.	Lesson 15:ex
We're going by train.	Idemo vlakom.	Wir fahren mit dem Zug.	Lesson 15:ex
with my brother	s bratom	mit meinem Bruder	Lesson 15:t
with my sister	sa sestrom	mit meiner Schwester	Lesson 15:t
by tram	tramvajem	mit der Straßenbahn	Lesson 15:t
party	zabava	Party	Lesson 15:w
dinner	večera	Abendessen	Lesson 15:w
night out	izlazak	Abend in der Stadt	Lesson 15:w
Going out and weather		Ausgehen und Wetter	Vocabulary 15:h
A night out, transport and the weather.		Ein Abend in der Stadt, Verkehrsmittel und das Wetter.	Vocabulary 15:s
dance	ples	Tanz	Vocabulary 15:w
ferry	trajekt	Fähre	Vocabulary 15:w
scooter	skuter	Roller	Vocabulary 15:w
on foot	pješice	zu Fuß	Vocabulary 15:w
rain	kiša	Regen	Vocabulary 15:w
wind	vjetar	Wind	Vocabulary 15:w
cloud	oblak	Wolke	Vocabulary 15:w
The instrumental		Der Instrumental	Grammar 15:h
I write with a pencil.	Pišem olovkom.	Ich schreibe mit einem Bleistift.	Grammar 15:ex
I'm going with you.	Idem s tobom.	Ich gehe mit dir.	Grammar 15:ex
with me	sa mnom	mit mir	Grammar 15:w
with you	s tobom	mit dir	Grammar 15:w
Friday night		Freitagabend	Practice 15:h
Going out, a train ride and a café menu.		Ausgehen, eine Zugfahrt und eine Café-Karte.	Practice 15:s
Who are you going with?	S kim ideš?	Mit wem gehst du?	Practice 15:t
With my sister.	Sa sestrom.	Mit meiner Schwester.	Practice 15:t
Coffee with milk	Kava s mlijekom	Kaffee mit Milch	Practice 15:t
Four cases, one word.		Vier Fälle, ein Wort.	Test 15:s
I see Mum.	Vidim mamu.	Ich sehe Mama.	Test 15:t
I'm writing to Mum.	Pišem mami.	Ich schreibe Mama.	Test 15:t
I'm talking about Mum.	Pričam o mami.	Ich rede über Mama.	Test 15:t
I'm going with Mum.	Idem s mamom.	Ich gehe mit Mama.	Test 15:t
Grandma's house		Omas Haus	Lesson 16:h
Coffee without sugar.	Kava bez šećera.	Kaffee ohne Zucker.	Lesson 16:ex
No problem!	Nema problema!	Kein Problem!	Lesson 16:ex
at Grandma's	kod bake	bei Oma	Lesson 16:t
from Zagreb	iz Zagreba	aus Zagreb	Lesson 16:t
next to the house	pokraj kuće	neben dem Haus	Lesson 16:t
garden	vrt	Garten	Lesson 16:w
door	vrata	Tür	Lesson 16:w
smell	miris	Geruch	Lesson 16:w
House and home		Haus und Zuhause	Vocabulary 16:h
Home words and little words for places.		Wörter fürs Zuhause und kleine Ortswörter.	Vocabulary 16:s
colour	boja	Farbe	Vocabulary 16:w
picture	slika	Bild	Vocabulary 16:w
without	bez	ohne	Vocabulary 16:w
from	iz	aus	Vocabulary 16:w
at	kod	bei	Vocabulary 16:w
in front of	ispred	vor	Vocabulary 16:w
behind	iza	hinter	Vocabulary 16:w
under	ispod	unter	Vocabulary 16:w
The genitive		Der Genitiv	Grammar 16:h
my grandma's house	kuća moje bake	das Haus meiner Oma	Grammar 16:ex
Two coffees, please.	Dvije kave, molim.	Zwei Kaffee, bitte.	Grammar 16:ex
one coffee	jedna kava	ein Kaffee	Grammar 16:w
five coffees	pet kava	fünf Kaffee	Grammar 16:w
The road to the sea		Der Weg ans Meer	Practice 16:h
Grandma's house, a café and a drive to the coast.		Omas Haus, ein Café und eine Fahrt an die Küste.	Practice 16:s
Next to the house is a garden.	Pokraj kuće je vrt.	Neben dem Haus ist ein Garten.	Practice 16:t
One tea for Marko.	Jedan čaj za Marka.	Einen Tee für Marko.	Practice 16:t
We're travelling from Zagreb.	Putujemo iz Zagreba.	Wir reisen aus Zagreb ab.	Practice 16:t
The genitive and the home.		Der Genitiv und das Zuhause.	Test 16:s
Giving orders		Befehle geben	Lesson 17:h
Take three eggs.	Uzmi tri jaja.	Nimm drei Eier.	Lesson 17:ex
Turn left.	Skrenite lijevo.	Biegen Sie links ab.	Lesson 17:ex
Look!	Gledaj!	Schau!	Lesson 17:t
Take!	Uzmi!	Nimm!	Lesson 17:t
Drink!	Pij!	Trink!	Lesson 17:t
left	lijevo	links	Lesson 17:w
right	desno	rechts	Lesson 17:w
straight on	ravno	geradeaus	Lesson 17:w
Recipes and directions		Rezepte und Wegbeschreibungen	Vocabulary 17:h
Kitchen words, commands and directions.		Küchenwörter, Befehle und Wegbeschreibungen.	Vocabulary 17:s
flour	brašno	Mehl	Vocabulary 17:w
pan	tava	Pfanne	Vocabulary 17:w
oil	ulje	Öl	Vocabulary 17:w
take	uzmi	nimm	Vocabulary 17:w
add	dodaj	gib dazu	Vocabulary 17:w
mix	miješaj	rühr um	Vocabulary 17:w
The imperative		Der Imperativ	Grammar 17:h
Look! (all of you)	Gledajte!	Schaut! (ihr alle)	Grammar 17:ex
Can you help me?	Možeš li mi pomoći?	Kannst du mir helfen?	Grammar 17:ex
let's		lass uns	Grammar 17:g
I can	mogu	ich kann	Grammar 17:w
I must	moram	ich muss	Grammar 17:w
I want	hoću	ich will	Grammar 17:w
Pancakes, finding the station and a strict coach.		Pfannkuchen, der Weg zum Bahnhof und ein strenger Trainer.	Practice 17:s
Where is the station?	Gdje je kolodvor?	Wo ist der Bahnhof?	Practice 17:t
Go straight on.	Idite ravno.	Gehen Sie geradeaus.	Practice 17:t
Drink water!	Pij vodu!	Trink Wasser!	Practice 17:t
Commands, recipes and directions.		Befehle, Rezepte und Wegbeschreibungen.	Test 17:s
A million euros		Eine Million Euro	Lesson 18:h
I would buy a house.	Kupio bih kuću.	Ich würde ein Haus kaufen.	Lesson 18:ex
I'd like a coffee.	Htjela bih kavu.	Ich hätte gern einen Kaffee.	Lesson 18:ex
I would buy... (he)	Kupio bih...	Ich würde … kaufen. (er)	Lesson 18:t
I would buy... (she)	Kupila bih...	Ich würde … kaufen. (sie)	Lesson 18:t
Could you...?	Biste li mogli...?	Könnten Sie …?	Lesson 18:t
dream	san	Traum	Lesson 18:w
happiness	sreća	Glück	Lesson 18:w
if	ako	wenn	Lesson 18:w
Wishes and feelings		Wünsche und Gefühle	Vocabulary 18:h
"Dreams, feelings and ""would""."		Träume, Gefühle und „würde“.	Vocabulary 18:s
yacht	jahta	Jacht	Vocabulary 18:w
villa	vila	Villa	Vocabulary 18:w
fear	strah	Angst	Vocabulary 18:w
hope	nada	Hoffnung	Vocabulary 18:w
dream	sanjati	träumen	Vocabulary 18:w
hope	nadati se	hoffen	Vocabulary 18:w
fear	bojati se	Angst haben	Vocabulary 18:w
The conditional		Der Konditional	Grammar 18:h
We would go to the sea.	Išli bismo na more.	Wir würden ans Meer fahren.	Grammar 18:ex
I wouldn't hurry.	Ne bih žurila.	Ich würde mich nicht beeilen.	Grammar 18:ex
Dreams and perfect days		Träume und perfekte Tage	Practice 18:h
Lottery dreams, a perfect day and a street survey.		Lottoträume, ein perfekter Tag und eine Straßenumfrage.	Practice 18:s
First I'd buy a house.	Prvo bih kupio kuću.	Zuerst würde ich ein Haus kaufen.	Practice 18:t
I'd swim every day.	Svaki dan bih plivala.	Ich würde jeden Tag schwimmen.	Practice 18:t
What would you do?	Što biste radili?	Was würden Sie tun?	Practice 18:t
Wishes, dreams and feelings.		Wünsche, Träume und Gefühle.	Test 18:s
he		er	Test 18:g
she		sie	Test 18:g
Verb twins		Verbzwillinge	Lesson 19:h
I was writing a letter.	Pisao sam pismo.	Ich war dabei, einen Brief zu schreiben.	Lesson 19:ex
I finished the letter.	Napisao sam pismo.	Ich habe den Brief fertig geschrieben.	Lesson 19:ex
write → finish writing	pisati → napisati	schreiben → fertig schreiben	Lesson 19:t
drink → drink up	piti → popiti	trinken → austrinken	Lesson 19:t
read → read it all	čitati → pročitati	lesen → ganz durchlesen	Lesson 19:t
for long	dugo	lange	Lesson 19:w
finally	napokon	endlich	Lesson 19:w
at once	odmah	sofort	Lesson 19:w
Stories and events		Geschichten und Ereignisse	Vocabulary 19:h
Verb pairs, time words and story words.		Verbpaare, Zeitwörter und Erzählwörter.	Vocabulary 19:s
study → learn	učiti → naučiti	lernen → erlernen	Vocabulary 19:t
shop → buy	kupovati → kupiti	einkaufen → kaufen	Vocabulary 19:t
suddenly	odjednom	plötzlich	Vocabulary 19:w
already	već	schon	Vocabulary 19:w
Finished or not?		Fertig oder nicht?	Grammar 19:h
Ana studied all evening.	Ana je učila cijelu večer.	Ana hat den ganzen Abend gelernt.	Grammar 19:ex
She learned everything.	Naučila je sve.	Sie hat alles gelernt.	Grammar 19:ex
going on		im Verlauf	Grammar 19:g
finished		abgeschlossen	Grammar 19:g
The letter		Der Brief	Practice 19:h
A long letter, homework and a Saturday list.		Ein langer Brief, Hausaufgaben und eine Samstagsliste.	Practice 19:s
Did you finish your homework?	Jesi li napisao zadaću?	Hast du deine Hausaufgaben fertig?	Practice 19:t
Almost!	Skoro!	Fast!	Practice 19:t
Finally!	Napokon!	Endlich!	Practice 19:t
Verb pairs: going on or finished.		Verbpaare: im Verlauf oder abgeschlossen.	Test 19:s
Big sentences		Lange Sätze	Lesson 20:h
I'm staying in because it's raining.	Ostajem doma jer pada kiša.	Ich bleibe zu Hause, weil es regnet.	Lesson 20:ex
If it's sunny, we'll go out.	Ako je sunčano, idemo van.	Wenn es sonnig ist, gehen wir raus.	Lesson 20:ex
when	kad	wann	Lesson 20:t
although	iako	obwohl	Lesson 20:t
which, who	koji	der, welcher	Lesson 20:w
that	da	dass	Lesson 20:w
Memories and big sentences		Erinnerungen und lange Sätze	Vocabulary 20:h
Joining words, summer memories and learning.		Bindewörter, Sommererinnerungen und Lernen.	Vocabulary 20:s
while	dok	während	Vocabulary 20:w
like	kao	wie	Vocabulary 20:w
memory	uspomena	Erinnerung	Vocabulary 20:w
seagull	galeb	Möwe	Vocabulary 20:w
Complex sentences		Komplexe Sätze	Grammar 20:h
I think you'll come.	Mislim da ćeš doći.	Ich glaube, dass du kommst.	Grammar 20:ex
the film I'm watching	film koji gledam	der Film, den ich schaue	Grammar 20:ex
When you come, call me.	Kad dođeš, zovi me.	Wenn du kommst, ruf mich an.	Grammar 20:t
I know that it is big.	Znam da je velik.	Ich weiß, dass es groß ist.	Grammar 20:t
The summer I remember		Der Sommer, an den ich mich erinnere	Practice 20:h
An island summer, an essay and a postcard.		Ein Inselsommer, ein Aufsatz und eine Postkarte.	Practice 20:s
Greetings from the island!	Pozdrav s otoka!	Grüße von der Insel!	Practice 20:t
Dear Grandma,	Draga bako,	Liebe Oma,	Practice 20:t
I'm learning Croatian because...	Učim hrvatski jer...	Ich lerne Kroatisch, weil …	Practice 20:t
The final test		Der Abschlusstest	Test 20:h
Everything from all 20 lessons.		Alles aus allen 20 Lektionen.	Test 20:s
I'm learning.	Učim.	Ich lerne.	Test 20:t
I learned.	Učio sam.	Ich habe gelernt.	Test 20:t
I will learn.	Učit ću.	Ich werde lernen.	Test 20:t
I would learn.	Učio bih.	Ich würde lernen.	Test 20:t
