Cjelina,Vjezba_br,Bodovi,Ukupno_cjeline
Lesson 1,1,2,
Lesson 1,2,6,
Lesson 1,3,3,
Lesson 1,4,5,
Lesson 1,5,2,
Lesson 1,6,6,
Lesson 1,7,3,
Lesson 1,8,6,
Lesson 1,9,7,
Lesson 1,10,6,
Lesson 1,11,5,
Lesson 1,12,10,
Lesson 1,13,2,63
Vocabulary 1,1,3,
Vocabulary 1,2,3,
Vocabulary 1,3,3,
Vocabulary 1,4,5,
Vocabulary 1,5,5,
Vocabulary 1,6,6,25
Grammar 1,1,2,
Grammar 1,2,6,
Grammar 1,3,6,
Grammar 1,4,7,21
Practice 1,1,2,
Practice 1,2,6,
Practice 1,3,7,
Practice 1,4,2,
Practice 1,5,6,
Practice 1,6,2,
Practice 1,7,6,
Practice 1,8,6,37
Lesson 2,1,2,
Lesson 2,2,7,
Lesson 2,3,3,
Lesson 2,4,6,
Lesson 2,5,2,
Lesson 2,6,7,
Lesson 2,7,7,
Lesson 2,8,3,
Lesson 2,9,8,
Lesson 2,10,6,
Lesson 2,11,4,
Lesson 2,12,11,
Lesson 2,13,2,68
Vocabulary 2,1,3,
Vocabulary 2,2,3,
Vocabulary 2,3,3,
Vocabulary 2,4,6,
Vocabulary 2,5,6,
Vocabulary 2,6,7,28
Grammar 2,1,2,
Grammar 2,2,6,
Grammar 2,3,7,
Grammar 2,4,8,
Grammar 2,5,8,31
Practice 2,1,2,
Practice 2,2,7,
Practice 2,3,2,
Practice 2,4,8,
Practice 2,5,7,
Practice 2,6,2,
Practice 2,7,7,
Practice 2,8,7,42
Lesson 3,1,2,
Lesson 3,2,7,
Lesson 3,3,4,
Lesson 3,4,6,
Lesson 3,5,2,
Lesson 3,6,7,
Lesson 3,7,7,
Lesson 3,8,9,
Lesson 3,9,7,
Lesson 3,10,7,
Lesson 3,11,12,
Lesson 3,12,2,72
Vocabulary 3,1,4,
Vocabulary 3,2,4,
Vocabulary 3,3,6,
Vocabulary 3,4,6,
Vocabulary 3,5,7,27
Grammar 3,1,2,
Grammar 3,2,7,
Grammar 3,3,7,
Grammar 3,4,9,
Grammar 3,5,9,34
Practice 3,1,2,
Practice 3,2,7,
Practice 3,3,2,
Practice 3,4,7,
Practice 3,5,7,
Practice 3,6,2,
Practice 3,7,9,
Practice 3,8,7,43
Lesson 4,1,3,
Lesson 4,2,8,
Lesson 4,3,4,
Lesson 4,4,7,
Lesson 4,5,3,
Lesson 4,6,8,
Lesson 4,7,8,
Lesson 4,8,10,
Lesson 4,9,7,
Lesson 4,10,8,
Lesson 4,11,14,
Lesson 4,12,3,83
Vocabulary 4,1,4,
Vocabulary 4,2,4,
Vocabulary 4,3,7,
Vocabulary 4,4,7,
Vocabulary 4,5,8,30
Grammar 4,1,3,
Grammar 4,2,8,
Grammar 4,3,8,
Grammar 4,4,8,27
Practice 4,1,3,
Practice 4,2,8,
Practice 4,3,3,
Practice 4,4,10,
Practice 4,5,8,
Practice 4,6,3,
Practice 4,7,8,
Practice 4,8,8,51
Lesson 5,1,3,
Lesson 5,2,9,
Lesson 5,3,4,
Lesson 5,4,9,
Lesson 5,5,3,
Lesson 5,6,10,
Lesson 5,7,9,
Lesson 5,8,9,
Lesson 5,9,6,
Lesson 5,10,9,
Lesson 5,11,15,
Lesson 5,12,3,89
Vocabulary 5,1,4,
Vocabulary 5,2,4,
Vocabulary 5,3,7,
Vocabulary 5,4,7,
Vocabulary 5,5,9,31
Grammar 5,1,3,
Grammar 5,2,9,
Grammar 5,3,10,
Grammar 5,4,9,
Grammar 5,5,9,40
Practice 5,1,3,
Practice 5,2,9,
Practice 5,3,3,
Practice 5,4,9,
Practice 5,5,9,
Practice 5,6,3,
Practice 5,7,10,
Practice 5,8,9,
Practice 5,9,9,64
Lesson 6,1,3,
Lesson 6,2,10,
Lesson 6,3,5,
Lesson 6,4,8,
Lesson 6,5,3,
Lesson 6,6,10,
Lesson 6,7,10,
Lesson 6,8,11,
Lesson 6,9,10,
Lesson 6,10,6,
Lesson 6,11,16,
Lesson 6,12,3,95
Vocabulary 6,1,5,
Vocabulary 6,2,5,
Vocabulary 6,3,5,
Vocabulary 6,4,8,
Vocabulary 6,5,8,
Vocabulary 6,6,10,41
Grammar 6,1,3,
Grammar 6,2,10,
Grammar 6,3,11,
Grammar 6,4,10,
Grammar 6,5,10,44
Practice 6,1,3,
Practice 6,2,10,
Practice 6,3,3,
Practice 6,4,10,
Practice 6,5,10,
Practice 6,6,3,
Practice 6,7,11,
Practice 6,8,10,
Practice 6,9,10,70
Lesson 7,1,3,
Lesson 7,2,10,
Lesson 7,3,5,
Lesson 7,4,9,
Lesson 7,5,3,
Lesson 7,6,10,
Lesson 7,7,3,
Lesson 7,8,10,
Lesson 7,9,12,
Lesson 7,10,10,
Lesson 7,11,9,
Lesson 7,12,17,
Lesson 7,13,3,104
Vocabulary 7,1,5,
Vocabulary 7,2,5,
Vocabulary 7,3,9,
Vocabulary 7,4,9,
Vocabulary 7,5,10,38
Grammar 7,1,3,
Grammar 7,2,12,
Grammar 7,3,10,
Grammar 7,4,12,
Grammar 7,5,10,47
Practice 7,1,3,
Practice 7,2,10,
Practice 7,3,3,
Practice 7,4,10,
Practice 7,5,12,
Practice 7,6,3,
Practice 7,7,10,
Practice 7,8,10,
Practice 7,9,10,71
Lesson 8,1,4,
Lesson 8,2,11,
Lesson 8,3,6,
Lesson 8,4,4,
Lesson 8,5,9,
Lesson 8,6,11,
Lesson 8,7,13,
Lesson 8,8,11,
Lesson 8,9,11,
Lesson 8,10,7,
Lesson 8,11,18,
Lesson 8,12,4,109
Vocabulary 8,1,6,
Vocabulary 8,2,6,
Vocabulary 8,3,9,
Vocabulary 8,4,9,
Vocabulary 8,5,11,41
Grammar 8,1,4,
Grammar 8,2,9,
Grammar 8,3,11,
Grammar 8,4,13,
Grammar 8,5,13,50
Practice 8,1,4,
Practice 8,2,11,
Practice 8,3,4,
Practice 8,4,11,
Practice 8,5,11,
Practice 8,6,4,
Practice 8,7,13,
Practice 8,8,11,
Practice 8,9,11,80
Lesson 9,1,4,
Lesson 9,2,12,
Lesson 9,3,6,
Lesson 9,4,12,
Lesson 9,5,4,
Lesson 9,6,12,
Lesson 9,7,10,
Lesson 9,8,14,
Lesson 9,9,12,
Lesson 9,10,8,
Lesson 9,11,20,
Lesson 9,12,4,118
Vocabulary 9,1,6,
Vocabulary 9,2,6,
Vocabulary 9,3,10,
Vocabulary 9,4,10,
Vocabulary 9,5,12,44
Grammar 9,1,4,
Grammar 9,2,12,
Grammar 9,3,14,
Grammar 9,4,12,
Grammar 9,5,12,54
Practice 9,1,4,
Practice 9,2,12,
Practice 9,3,14,
Practice 9,4,4,
Practice 9,5,12,
Practice 9,6,12,
Practice 9,7,4,
Practice 9,8,12,
Practice 9,9,12,86
Lesson 10,1,4,
Lesson 10,2,12,
Lesson 10,3,6,
Lesson 10,4,10,
Lesson 10,5,4,
Lesson 10,6,12,
Lesson 10,7,12,
Lesson 10,8,4,
Lesson 10,9,15,
Lesson 10,10,12,
Lesson 10,11,8,
Lesson 10,12,21,
Lesson 10,13,4,124
Vocabulary 10,1,6,
Vocabulary 10,2,6,
Vocabulary 10,3,10,
Vocabulary 10,4,10,
Vocabulary 10,5,12,44
Grammar 10,1,4,
Grammar 10,2,15,
Grammar 10,3,12,
Grammar 10,4,15,
Grammar 10,5,12,58
Practice 10,1,4,
Practice 10,2,12,
Practice 10,3,15,
Practice 10,4,4,
Practice 10,5,12,
Practice 10,6,12,
Practice 10,7,12,
Practice 10,8,4,
Practice 10,9,12,
Practice 10,10,12,99
Lesson 11,1,4,
Lesson 11,2,13,
Lesson 11,3,7,
Lesson 11,4,11,
Lesson 11,5,4,
Lesson 11,6,13,
Lesson 11,7,13,
Lesson 11,8,15,
Lesson 11,9,13,
Lesson 11,10,9,
Lesson 11,11,22,
Lesson 11,12,4,128
Vocabulary 11,1,7,
Vocabulary 11,2,7,
Vocabulary 11,3,11,
Vocabulary 11,4,11,
Vocabulary 11,5,13,49
Grammar 11,1,4,
Grammar 11,2,15,
Grammar 11,3,13,
Grammar 11,4,13,
Grammar 11,5,13,58
Practice 11,1,4,
Practice 11,2,13,
Practice 11,3,15,
Practice 11,4,4,
Practice 11,5,11,
Practice 11,6,4,
Practice 11,7,13,
Practice 11,8,9,
Practice 11,9,13,86
Lesson 12,1,5,
Lesson 12,2,14,
Lesson 12,3,7,
Lesson 12,4,16,
Lesson 12,5,5,
Lesson 12,6,14,
Lesson 12,7,5,
Lesson 12,8,14,
Lesson 12,9,14,
Lesson 12,10,14,
Lesson 12,11,9,
Lesson 12,12,23,
Lesson 12,13,5,145
Vocabulary 12,1,7,
Vocabulary 12,2,7,
Vocabulary 12,3,12,
Vocabulary 12,4,12,
Vocabulary 12,5,14,52
Grammar 12,1,5,
Grammar 12,2,16,
Grammar 12,3,14,
Grammar 12,4,14,
Grammar 12,5,14,63
Practice 12,1,5,
Practice 12,2,14,
Practice 12,3,16,
Practice 12,4,5,
Practice 12,5,14,
Practice 12,6,14,
Practice 12,7,5,
Practice 12,8,14,
Practice 12,9,14,101
Lesson 13,1,5,
Lesson 13,2,15,
Lesson 13,3,7,
Lesson 13,4,5,
Lesson 13,5,12,
Lesson 13,6,15,
Lesson 13,7,15,
Lesson 13,8,17,
Lesson 13,9,15,
Lesson 13,10,10,
Lesson 13,11,24,
Lesson 13,12,5,145
Vocabulary 13,1,7,
Vocabulary 13,2,7,
Vocabulary 13,3,12,
Vocabulary 13,4,12,
Vocabulary 13,5,15,53
Grammar 13,1,5,
Grammar 13,2,17,
Grammar 13,3,15,
Grammar 13,4,15,
Grammar 13,5,15,67
Practice 13,1,5,
Practice 13,2,15,
Practice 13,3,17,
Practice 13,4,5,
Practice 13,5,12,
Practice 13,6,15,
Practice 13,7,5,
Practice 13,8,15,
Practice 13,9,15,
Practice 13,10,15,119
Lesson 14,1,5,
Lesson 14,2,15,
Lesson 14,3,8,
Lesson 14,4,5,
Lesson 14,5,13,
Lesson 14,6,15,
Lesson 14,7,18,
Lesson 14,8,5,
Lesson 14,9,15,
Lesson 14,10,13,
Lesson 14,11,10,
Lesson 14,12,26,
Lesson 14,13,5,153
Vocabulary 14,1,8,
Vocabulary 14,2,8,
Vocabulary 14,3,13,
Vocabulary 14,4,13,
Vocabulary 14,5,15,57
Grammar 14,1,5,
Grammar 14,2,18,
Grammar 14,3,15,
Grammar 14,4,15,
Grammar 14,5,15,68
Practice 14,1,5,
Practice 14,2,13,
Practice 14,3,18,
Practice 14,4,5,
Practice 14,5,15,
Practice 14,6,15,
Practice 14,7,5,
Practice 14,8,15,
Practice 14,9,18,
Practice 14,10,15,124
Lesson 15,1,5,
Lesson 15,2,16,
Lesson 15,3,5,
Lesson 15,4,13,
Lesson 15,5,5,
Lesson 15,6,16,
Lesson 15,7,16,
Lesson 15,8,19,
Lesson 15,9,16,
Lesson 15,10,11,
Lesson 15,11,27,
Lesson 15,12,5,154
Vocabulary 15,1,8,
Vocabulary 15,2,8,
Vocabulary 15,3,13,
Vocabulary 15,4,13,
Vocabulary 15,5,16,58
Grammar 15,1,5,
Grammar 15,2,19,
Grammar 15,3,16,
Grammar 15,4,16,
Grammar 15,5,16,72
Practice 15,1,5,
Practice 15,2,16,
Practice 15,3,19,
Practice 15,4,5,
Practice 15,5,16,
Practice 15,6,16,
Practice 15,7,5,
Practice 15,8,13,
Practice 15,9,16,
Practice 15,10,16,127
Lesson 16,1,6,
Lesson 16,2,17,
Lesson 16,3,8,
Lesson 16,4,6,
Lesson 16,5,14,
Lesson 16,6,17,
Lesson 16,7,20,
Lesson 16,8,6,
Lesson 16,9,17,
Lesson 16,10,14,
Lesson 16,11,11,
Lesson 16,12,28,
Lesson 16,13,6,170
Vocabulary 16,1,8,
Vocabulary 16,2,8,
Vocabulary 16,3,14,
Vocabulary 16,4,14,
Vocabulary 16,5,17,61
Grammar 16,1,6,
Grammar 16,2,20,
Grammar 16,3,17,
Grammar 16,4,17,
Grammar 16,5,17,77
Practice 16,1,6,
Practice 16,2,17,
Practice 16,3,20,
Practice 16,4,6,
Practice 16,5,17,
Practice 16,6,17,
Practice 16,7,6,
Practice 16,8,17,
Practice 16,9,20,
Practice 16,10,17,143
Lesson 17,1,6,
Lesson 17,2,18,
Lesson 17,3,9,
Lesson 17,4,6,
Lesson 17,5,15,
Lesson 17,6,18,
Lesson 17,7,6,
Lesson 17,8,20,
Lesson 17,9,18,
Lesson 17,10,18,
Lesson 17,11,12,
Lesson 17,12,29,
Lesson 17,13,6,181
Vocabulary 17,1,9,
Vocabulary 17,2,9,
Vocabulary 17,3,15,
Vocabulary 17,4,15,
Vocabulary 17,5,18,66
Grammar 17,1,6,
Grammar 17,2,20,
Grammar 17,3,20,
Grammar 17,4,18,
Grammar 17,5,18,
Grammar 17,6,18,100
Practice 17,1,6,
Practice 17,2,18,
Practice 17,3,20,
Practice 17,4,6,
Practice 17,5,18,
Practice 17,6,18,
Practice 17,7,6,
Practice 17,8,15,
Practice 17,9,18,
Practice 17,10,18,143
Lesson 18,1,6,
Lesson 18,2,18,
Lesson 18,3,6,
Lesson 18,4,15,
Lesson 18,5,18,
Lesson 18,6,18,
Lesson 18,7,6,
Lesson 18,8,21,
Lesson 18,9,18,
Lesson 18,10,12,
Lesson 18,11,30,
Lesson 18,12,6,174
Vocabulary 18,1,9,
Vocabulary 18,2,9,
Vocabulary 18,3,15,
Vocabulary 18,4,15,
Vocabulary 18,5,18,66
Grammar 18,1,6,
Grammar 18,2,21,
Grammar 18,3,18,
Grammar 18,4,18,
Grammar 18,5,18,81
Practice 18,1,6,
Practice 18,2,18,
Practice 18,3,21,
Practice 18,4,6,
Practice 18,5,18,
Practice 18,6,18,
Practice 18,7,6,
Practice 18,8,18,
Practice 18,9,18,
Practice 18,10,18,147
Lesson 19,1,6,
Lesson 19,2,19,
Lesson 19,3,9,
Lesson 19,4,16,
Lesson 19,5,6,
Lesson 19,6,19,
Lesson 19,7,19,
Lesson 19,8,22,
Lesson 19,9,19,
Lesson 19,10,13,
Lesson 19,11,32,
Lesson 19,12,6,186
Vocabulary 19,1,9,
Vocabulary 19,2,9,
Vocabulary 19,3,16,
Vocabulary 19,4,16,
Vocabulary 19,5,19,69
Grammar 19,1,6,
Grammar 19,2,16,
Grammar 19,3,19,
Grammar 19,4,19,
Grammar 19,5,19,79
Practice 19,1,6,
Practice 19,2,19,
Practice 19,3,19,
Practice 19,4,6,
Practice 19,5,16,
Practice 19,6,22,
Practice 19,7,6,
Practice 19,8,19,
Practice 19,9,19,
Practice 19,10,19,151
Lesson 20,1,7,
Lesson 20,2,20,
Lesson 20,3,10,
Lesson 20,4,16,
Lesson 20,5,7,
Lesson 20,6,20,
Lesson 20,7,20,
Lesson 20,8,23,
Lesson 20,9,20,
Lesson 20,10,13,
Lesson 20,11,33,
Lesson 20,12,7,196
Vocabulary 20,1,10,
Vocabulary 20,2,10,
Vocabulary 20,3,16,
Vocabulary 20,4,16,
Vocabulary 20,5,20,72
Grammar 20,1,7,
Grammar 20,2,20,
Grammar 20,3,20,
Grammar 20,4,23,
Grammar 20,5,20,90
Practice 20,1,7,
Practice 20,2,20,
Practice 20,3,23,
Practice 20,4,7,
Practice 20,5,16,
Practice 20,6,20,
Practice 20,7,7,
Practice 20,8,20,
Practice 20,9,23,
Practice 20,10,20,
Practice 20,11,7,170
Daily challenge 1,1,2,
Daily challenge 1,2,3,
Daily challenge 1,3,5,
Daily challenge 1,4,6,
Daily challenge 1,5,2,18
Daily challenge 2,1,2,
Daily challenge 2,2,3,
Daily challenge 2,3,6,
Daily challenge 2,4,6,
Daily challenge 2,5,2,19
Daily challenge 3,1,2,
Daily challenge 3,2,3,
Daily challenge 3,3,6,
Daily challenge 3,4,4,
Daily challenge 3,5,2,17
Daily challenge 4,1,2,
Daily challenge 4,2,3,
Daily challenge 4,3,5,
Daily challenge 4,4,5,
Daily challenge 4,5,2,17
Daily challenge 5,1,2,
Daily challenge 5,2,3,
Daily challenge 5,3,6,
Daily challenge 5,4,7,
Daily challenge 5,5,2,20
Daily challenge 6,1,2,
Daily challenge 6,2,3,
Daily challenge 6,3,5,
Daily challenge 6,4,6,
Daily challenge 6,5,2,18
Daily challenge 7,1,2,
Daily challenge 7,2,3,
Daily challenge 7,3,6,
Daily challenge 7,4,6,
Daily challenge 7,5,2,19
Daily challenge 8,1,2,
Daily challenge 8,2,3,
Daily challenge 8,3,5,
Daily challenge 8,4,6,
Daily challenge 8,5,2,18
Daily challenge 9,1,2,
Daily challenge 9,2,3,
Daily challenge 9,3,5,
Daily challenge 9,4,6,
Daily challenge 9,5,2,18
Daily challenge 10,1,2,
Daily challenge 10,2,6,
Daily challenge 10,3,7,
Daily challenge 10,4,6,
Daily challenge 10,5,2,23
Daily challenge 11,1,2,
Daily challenge 11,2,3,
Daily challenge 11,3,5,
Daily challenge 11,4,5,
Daily challenge 11,5,2,17
Daily challenge 12,1,2,
Daily challenge 12,2,3,
Daily challenge 12,3,6,
Daily challenge 12,4,4,
Daily challenge 12,5,2,17
Daily challenge 13,1,2,
Daily challenge 13,2,3,
Daily challenge 13,3,6,
Daily challenge 13,4,7,
Daily challenge 13,5,2,20
Daily challenge 14,1,2,
Daily challenge 14,2,3,
Daily challenge 14,3,6,
Daily challenge 14,4,6,
Daily challenge 14,5,2,19
Daily challenge 15,1,2,
Daily challenge 15,2,3,
Daily challenge 15,3,6,
Daily challenge 15,4,6,
Daily challenge 15,5,2,19
Daily challenge 16,1,2,
Daily challenge 16,2,3,
Daily challenge 16,3,5,
Daily challenge 16,4,4,
Daily challenge 16,5,2,16
Daily challenge 17,1,2,
Daily challenge 17,2,3,
Daily challenge 17,3,5,
Daily challenge 17,4,6,
Daily challenge 17,5,2,18
Daily challenge 18,1,2,
Daily challenge 18,2,2,
Daily challenge 18,3,6,
Daily challenge 18,4,6,
Daily challenge 18,5,2,18
Daily challenge 19,1,2,
Daily challenge 19,2,3,
Daily challenge 19,3,5,
Daily challenge 19,4,6,
Daily challenge 19,5,2,18
Daily challenge 20,1,2,
Daily challenge 20,2,3,
Daily challenge 20,3,5,
Daily challenge 20,4,6,
Daily challenge 20,5,2,18
Daily challenge 21,1,2,
Daily challenge 21,2,3,
Daily challenge 21,3,5,
Daily challenge 21,4,6,
Daily challenge 21,5,6,
Daily challenge 21,6,2,24
Daily challenge 22,1,2,
Daily challenge 22,2,3,
Daily challenge 22,3,6,
Daily challenge 22,4,7,
Daily challenge 22,5,2,20
Daily challenge 23,1,2,
Daily challenge 23,2,3,
Daily challenge 23,3,5,
Daily challenge 23,4,4,
Daily challenge 23,5,2,16
Daily challenge 24,1,2,
Daily challenge 24,2,3,
Daily challenge 24,3,6,
Daily challenge 24,4,6,
Daily challenge 24,5,2,19
Daily challenge 25,1,2,
Daily challenge 25,2,3,
Daily challenge 25,3,5,
Daily challenge 25,4,6,
Daily challenge 25,5,2,18
Daily challenge 26,1,2,
Daily challenge 26,2,3,
Daily challenge 26,3,5,
Daily challenge 26,4,6,
Daily challenge 26,5,2,18
Daily challenge 27,1,2,
Daily challenge 27,2,3,
Daily challenge 27,3,6,
Daily challenge 27,4,6,
Daily challenge 27,5,2,19
Daily challenge 28,1,2,
Daily challenge 28,2,3,
Daily challenge 28,3,5,
Daily challenge 28,4,6,
Daily challenge 28,5,2,18
Daily challenge 29,1,2,
Daily challenge 29,2,3,
Daily challenge 29,3,5,
Daily challenge 29,4,6,
Daily challenge 29,5,6,
Daily challenge 29,6,2,24
Daily challenge 30,1,2,
Daily challenge 30,2,3,
Daily challenge 30,3,5,
Daily challenge 30,4,4,
Daily challenge 30,5,2,16
Daily challenge 31,1,2,
Daily challenge 31,2,3,
Daily challenge 31,3,5,
Daily challenge 31,4,6,
Daily challenge 31,5,2,18
Daily challenge 32,1,2,
Daily challenge 32,2,3,
Daily challenge 32,3,6,
Daily challenge 32,4,6,
Daily challenge 32,5,2,19
Daily challenge 33,1,2,
Daily challenge 33,2,2,
Daily challenge 33,3,6,
Daily challenge 33,4,6,
Daily challenge 33,5,2,18
(bez cjeline),1,5,
(bez cjeline),2,5,
(bez cjeline),3,5,
(bez cjeline),4,5,
(bez cjeline),5,6,
(bez cjeline),6,6,
(bez cjeline),7,7,
(bez cjeline),8,6,
(bez cjeline),9,6,
(bez cjeline),10,5,56
UKUPNO,,7294,7294
