šaliti se	scherzen; Witze machen
ljutiti se	wütend sein; sich ärgern
sjetiti se	sich erinnern; einfallen
vjerovati	glauben; vertrauen
sumnjati	zweifeln; verdächtigen
razmišljati	nachdenken; überlegen
sanjati	träumen
mrziti	hassen
osjećati	fühlen
tražiti	suchen; verlangen
pronaći	finden
izgubiti	verlieren
čuvati	aufbewahren; bewachen; aufpassen auf
pomoći	helfen
popraviti	reparieren
pokvariti	kaputt machen; verderben
čistiti	putzen; reinigen
prati	waschen
rezati	schneiden
graditi	bauen
otvoriti	öffnen; aufmachen
zatvoriti	schließen; zumachen
uključiti	einschalten; einbeziehen
isključiti	ausschalten; ausschließen
ostaviti	lassen; zurücklassen
platiti	bezahlen
prodati	verkaufen
posuditi	leihen; ausleihen
vratiti	zurückgeben
donijeti	bringen; mitbringen
primiti	empfangen; annehmen; erhalten
odlučiti	entscheiden; beschließen
pokušati	versuchen
uspjeti	gelingen; schaffen
promijeniti	ändern; wechseln
nastaviti	fortsetzen; weitermachen
prestati	aufhören
vježbati	üben; trainieren
brojati	zählen
računati	rechnen; zählen auf
morati	müssen
smjeti	dürfen
kasniti	sich verspäten; zu spät sein
ući	eintreten; hineingehen; hereinkommen
lagan	leicht
jednostavan	einfach
složen	komplex; kompliziert
siguran	sicher
opasan	gefährlich
čist	sauber; rein
prljav	schmutzig
suh	trocken
mokar	nass
prazan	leer
otvoren	offen; geöffnet
zatvoren	geschlossen; zu
širok	breit; weit
uzak	eng; schmal
dubok	tief
debeo	dick
tanak	dünn
oštar	scharf
gorak	bitter
kiseo	sauer
slan	salzig
svijetao	hell
taman	dunkel
jasan	klar; deutlich
koristan	nützlich
moguć	möglich
potreban	nötig; notwendig
spreman	bereit; fertig
ozbiljan	ernst
čudan	seltsam; komisch
običan	gewöhnlich; normal
poseban	besonders; speziell
poznat	bekannt; berühmt
bogat	reich
jeftin	billig; günstig
gore	oben; nach oben
dolje	unten; nach unten
naprijed	vorwärts; nach vorn
natrag	zurück
ovdje	hier
uskoro	bald
nedavno	neulich; vor Kurzem
rijetko	selten
obično	normalerweise; gewöhnlich
sigurno	sicher; bestimmt
vjerojatno	wahrscheinlich
dovoljno	genug
između	zwischen
ispod	unter
iznad	über
prema	zu … hin; gemäß; laut
oko (prijedlog)	um … herum; ungefähr
protiv	gegen
zbog	wegen
nakon	nach
prije	vor
ili	oder
nego	als; sondern
pa	also; und dann; na ja
tisuća	tausend
bolest	Krankheit
bol	Schmerz
lijek	Medikament; Arznei; Heilmittel
kašalj	Husten
prehlada	Erkältung
groznica	Fieber
ozljeda	Verletzung
pregled	Untersuchung; Überblick
zdravlje	Gesundheit
bolestan	krank
boljeti	wehtun; schmerzen
ozdraviti	gesund werden
sastanak	Besprechung; Treffen; Termin
projekt	Projekt
zadatak	Aufgabe
ugovor	Vertrag
izvještaj	Bericht
prijava	Anmeldung; Bewerbung; Anzeige
potpis	Unterschrift
dokument	Dokument
pisač	Drucker
zaposlenik	Angestellter; Mitarbeiter
direktor	Direktor; Geschäftsführer; Chef
odjel	Abteilung
otkaz	Kündigung
sastati se	sich treffen
putovnica	Reisepass
viza	Visum
prtljaga	Gepäck
peron	Bahnsteig
gorivo	Kraftstoff; Treibstoff
guma	Reifen; Gummi
kotač	Rad
benzin	Benzin
parkiralište	Parkplatz
raskrižje	Kreuzung
pješak	Fußgänger
dozvola	Genehmigung; Erlaubnis; Führerschein
kazna	Strafe; Bußgeld
smjer	Richtung
štednjak	Herd
pećnica	Backofen
hladnjak	Kühlschrank
sudoper	Spüle
lonac	Topf
poklopac	Deckel
daska	Brett; Schneidebrett
ubrus	Serviette
začin	Gewürz
kvasac	Hefe
tijesto	Teig
okus	Geschmack
porcija	Portion
sastojak	Zutat
haljina	Kleid
suknja	Rock
košulja	Hemd
džemper	Pullover
kaput	Mantel
remen	Gürtel; Riemen
torba	Tasche; Handtasche
novčanik	Geldbörse; Portemonnaie
popust	Rabatt
veličina	Größe
poruka	Nachricht; SMS
poziv	Anruf; Einladung
razgovor	Gespräch; Unterhaltung
novinar	Journalist
članak	Artikel
reklama	Werbung; Werbespot
mreža	Netz; Netzwerk
lozinka	Passwort
zaposliti	einstellen; anstellen
parkirati	parken
presjesti	umsteigen
prijaviti	anmelden; melden; anzeigen
potpisati	unterschreiben
pržiti	braten; frittieren
kušati	probieren; kosten
probati	probieren; anprobieren
obući se	sich anziehen
svući se	sich ausziehen
žaliti se	sich beschweren
preporučiti	empfehlen
otkazati	absagen; stornieren
odgoditi	verschieben
naplatiti	berechnen; kassieren
zamijeniti	ersetzen; austauschen; umtauschen
zauzet	beschäftigt; besetzt
hitan	dringend; Not-
uredan	ordentlich
neuredan	unordentlich
začinjen	gewürzt; scharf
udoban	bequem; gemütlich
praktičan	praktisch
besplatan	kostenlos
umjesto	statt; anstatt
osim	außer
tijekom	während
čim	sobald
automobil	Auto
cvijet	Blume
dar	Geschenk
dodir	Berührung
dućan	Laden; Geschäft
izlet	Ausflug
mobitel	Handy
odmor	Pause; Erholung; Urlaub
papir	Papier
plakat	Plakat
podatak	Angabe; Daten
profesor	Lehrer; Professor
rad	Arbeit
slatkiš	Süßigkeit
stav	Einstellung; Meinung
suprug	Ehemann
šport	Sport
tulum	Party
ugao	Ecke; Winkel
učenik	Schüler
vratar	Torwart; Pförtner
zaslon	Bildschirm
završetak	Ende; Schluss
čamac	Boot
otac	Vater
tata	Papa; Vater
kopno	Festland
ime	Name; Vorname
prezime	Nachname
pamćenje	Gedächtnis
značenje	Bedeutung
stanje	Zustand
područje	Gebiet; Bereich
sjedalo	Sitz
stopalo	Fuß
staklo	Glas
stablo	Baum
slovo	Buchstabe
svjetlo	Licht
stoljeće	Jahrhundert
sveučilište	Universität
buka	Lärm
dama	Dame
hrana	Essen; Nahrung
knjižnica	Bibliothek; Bücherei
konobarica	Kellnerin
majka	Mutter
mašta	Fantasie; Vorstellungskraft
nafta	Erdöl
narudžba	Bestellung
olovka	Bleistift; Stift
pjevačica	Sängerin
pogreška	Fehler
polovica	Hälfte
potvrda	Bestätigung; Bescheinigung
priroda	Natur
prostorija	Raum
regija	Region
rođakinja	Cousine
salveta	Serviette
sezona	Saison
spisateljica	Schriftstellerin; Autorin
sredina	Mitte
stolica	Stuhl
stotina	Hundert
strana	Seite
strina	Tante
susjeda	Nachbarin
tvrtka	Firma; Unternehmen
ujna	Tante
uputa	Anleitung; Anweisung
vegetarijanka	Vegetarierin
voda	Wasser
zabava	Party; Spaß; Unterhaltung
zbirka	Sammlung
životinja	Tier
temperatura	Temperatur; Fieber
svjetiljka	Lampe
web-stranica	Webseite
novost	Neuigkeit
susjedstvo	Nachbarschaft
odredište	Ziel; Reiseziel
momčad	Mannschaft; Team
stvar	Sache; Ding
noć	Nacht
piletina	Hähnchen; Hühnerfleisch
ulaznica	Eintrittskarte
umivaonik	Waschbecken
rječnik	Wörterbuch; Wortschatz
ulje	Öl
kemijska	Kugelschreiber; Kuli
brbljati	plaudern; quatschen
buditi se	aufwachen
probuditi se	aufwachen
dijeliti	teilen
dobivati	bekommen
dodavati	hinzufügen
donositi	bringen
dovršiti	fertigstellen; beenden
govoriti	sprechen; reden; sagen
imenovati	benennen; ernennen
ispeći	backen; braten
ispričati	erzählen
ispržiti	braten
izabrati	wählen; auswählen
izaći	ausgehen; hinausgehen
izgraditi	bauen; errichten
izmiješati	vermischen
izračunati	ausrechnen
javiti	Bescheid geben; melden
kišiti	regnen
krenuti	losgehen; aufbrechen
mahnuti	winken
metnuti	legen; stellen
mijenjati	ändern; wechseln
nalaziti	finden
naći	finden
naljutiti se	wütend werden
naplaćivati	berechnen; kassieren
napraviti	machen
narasti	wachsen
nasmijati se	lachen
nastavljati	fortsetzen
objašnjavati	erklären
objesiti	aufhängen
oblačiti se	sich anziehen
obući	anziehen
odabrati	auswählen
odgađati	verschieben
odgovarati	antworten; passen
odlučivati	entscheiden
odmarati se	sich ausruhen
odrezati	abschneiden
odsanjati	träumen
odvesti	hinbringen; wegfahren
okretati	drehen
oporaviti se	sich erholen
oprati	waschen
osjetiti	fühlen; spüren
ostajati	bleiben
ostavljati	lassen; zurücklassen
otići	weggehen; gehen
otkazivati	absagen
otpjevati	singen
otputovati	verreisen; abreisen
očistiti	putzen; sauber machen
plaćati	bezahlen
plašiti se	Angst haben
plesati	tanzen
podučavati	unterrichten
pokazivati	zeigen
poletjeti	losfliegen; abheben
pomagati	helfen
ponavljati	wiederholen
popravljati	reparieren
posjetiti	besuchen
posjećivati	besuchen
poslušati	zuhören; gehorchen
posluživati	servieren
postajati	werden
posumnjati	bezweifeln
posuđivati	leihen
potpisivati	unterschreiben
potražiti	suchen
potrčati	loslaufen
povesti	mitnehmen; führen
povjerovati	glauben
povući	ziehen
pozdraviti	grüßen
pozvati	rufen; einladen
počinjati	beginnen; anfangen
požaliti se	sich beschweren
praviti	machen
prebrojati	durchzählen
predavati	unterrichten; abgeben
predstaviti	vorstellen; präsentieren
prelaziti	überqueren
preporučivati	empfehlen
pretraživati	durchsuchen
prijavljivati	anmelden; melden
primati	empfangen; erhalten
pristati	zustimmen
pričekati	warten
prodavati	verkaufen
razbiti	zerbrechen; zerschlagen
sagraditi	bauen
sačuvati	aufbewahren; bewahren
shvatiti	verstehen; begreifen
sijati	scheinen; säen
sjesti	sich setzen
sjećati se	sich erinnern
sjeći	schneiden; hacken
skakati	springen
skuhati	kochen
slikati	fotografieren; malen
slomiti	brechen
smatrati	halten für; meinen
spasiti	retten
stanovati	wohnen
stati	sich stellen; anhalten
stavljati	legen; stellen
studirati	studieren
sviđati se	gefallen
sresti	treffen
telefonirati	telefonieren
ugasiti	ausschalten; löschen
ulaziti	eintreten
upaliti	einschalten; anzünden
upitati	fragen
uspijevati	gelingen
ustajati	aufstehen
uzimati	nehmen
vratiti se	zurückkommen; zurückkehren
vraćati	zurückgeben
zabrinuti se	sich Sorgen machen
zadržati	behalten
zagrijavati	aufwärmen
zahvaljivati	danken
zakasniti	sich verspäten
zamišljati	sich vorstellen
zamrziti	hassen lernen
zapamtiti	sich merken
zaplakati	anfangen zu weinen
zaplivati	losschwimmen
zapošljavati	einstellen; beschäftigen
zatražiti	verlangen; anfordern
zatvarati	schließen
zaustaviti	anhalten; stoppen
zavoljeti	lieb gewinnen
završavati	beenden; enden
zaželjeti	wünschen
znati	wissen; können
činiti se	scheinen
štedjeti	sparen
bistar	klar; aufgeweckt
bučan	laut
dobrodošao	willkommen
dopušten	erlaubt
dosadan	langweilig
dostupan	verfügbar; erreichbar
drag	lieb; nett
fin	fein; nett
golem	riesig
iskren	ehrlich; aufrichtig
izvrstan	ausgezeichnet
kasan	spät
kompliciran	kompliziert
krasan	wunderschön; herrlich
kriv	falsch; schuldig
mračan	dunkel; finster
mršav	dünn; mager
nizak	klein; niedrig
nužan	notwendig
ogroman	riesig; gewaltig
pogrešan	falsch
prekrasan	wunderschön
preplašen	verängstigt
radostan	fröhlich; freudig
ružan	hässlich
slab	schwach
slavan	berühmt
snažan	stark; kräftig
suvremen	modern; zeitgenössisch
tih	leise; still
uplašen	ängstlich; erschrocken
zadovoljan	zufrieden
sam	allein
drukčiji	anders
desni	rechter
lijevi	linker
jedini	einziger
ostali	übrig; andere
prijašnji	früher; vorig
obilazak	Rundgang; Besichtigung
hlače	Hose
dobro	gut
gotovo	fast; beinahe
konačno	endlich
ponovno	wieder; erneut
sporo	langsam
stvarno	wirklich
točno	genau
previše	zu; zu viel
vrlo	sehr
upravo	gerade; soeben
još	noch
tada	damals; dann
tako	so
tu	hier
ondje	dort
gdje	wo
kako	wie
koliko	wie viel; wie viele
zašto	warum
noćas	heute Nacht; letzte Nacht
kući	nach Hause
