datoteka	kljuc_en	trenutno_de	prijedlog_de	razlog	prioritet	ok
prijevod-de.tsv	Marko voli ___ klub. (his own)	Marko voli ___ klub. (seinen eigenen)	Marko voli ___ klub. (sein eigen…)	Nastavak prema njemačkom rodu/padežu odaje ili zavodi	visok	
prijevod-de.tsv	Ana nosi ___ dres. (her own)	Ana nosi ___ dres. (ihr eigenes)	Ana nosi ___ dres. (ihr eigen…)	Nastavak prema njemačkom rodu/padežu odaje ili zavodi	visok	
prijevod-de.tsv	Ana zove ___ sestru. (her own)	Ana zove ___ sestru. (ihre eigene)	Ana zove ___ sestru. (ihr eigen…)	Nastavak prema njemačkom rodu/padežu odaje ili zavodi	visok	
prijevod-de.tsv	Igrači vole ___ klub. (their own)	Igrači vole ___ klub. (ihren eigenen)	Igrači vole ___ klub. (ihr eigen… – von ihnen)	Nastavak prema njemačkom rodu/padežu odaje ili zavodi	visok	
prijevod-de.tsv	Trener gleda ___ momčad. (his own)	Trener gleda ___ momčad. (seine eigene)	Trener gleda ___ momčad. (sein eigen…)	Nastavak prema njemačkom rodu/padežu odaje ili zavodi	visok	
prijevod-de.tsv	Djeca nose ___ dresove. (their own)	Djeca nose ___ dresove. (ihre eigenen)	Djeca nose ___ dresove. (ihr eigen… – von ihnen)	Nastavak prema njemačkom rodu/padežu odaje ili zavodi	visok	
prijevod-de.tsv	Ona vozi ___ auto. (her own)	Ona vozi ___ auto. (ihr eigenes)	Ona vozi ___ auto. (ihr eigen…)	Nastavak prema njemačkom rodu/padežu odaje ili zavodi	visok	
prijevod-de.tsv	Sestra slika ___ mamu. (her own)	Sestra slika ___ mamu. (ihre eigene)	Sestra slika ___ mamu. (ihr eigen…)	Nastavak prema njemačkom rodu/padežu odaje ili zavodi	visok	
prijevod-de.tsv	Ivan voli ___ grad. (his own)	Ivan voli ___ grad. (seine eigene)	Ivan voli ___ grad. (sein eigen…)	Nastavak prema njemačkom rodu/padežu odaje ili zavodi	visok	
prijevod-de.tsv	Marko voli ___ sestru. (his own)	Marko voli ___ sestru. (seine eigene)	Marko voli ___ sestru. (sein eigen…)	Nastavak prema njemačkom rodu/padežu odaje ili zavodi	visok	
prijevod-de.tsv	Ana čita ___ knjigu. (her own)	Ana čita ___ knjigu. (ihr eigenes)	Ana čita ___ knjigu. (ihr eigen…)	Nastavak prema njemačkom rodu/padežu odaje ili zavodi	visok	
prijevod-de.tsv	Maja voli ___ hobi. (her own)	Maja voli ___ hobi. (ihr eigenes)	Maja voli ___ hobi. (ihr eigen…)	Nastavak prema njemačkom rodu/padežu odaje ili zavodi	visok	
prijevod-de.tsv	Luka nosi ___ loptu. (his own)	Luka nosi ___ loptu. (seinen eigenen)	Luka nosi ___ loptu. (sein eigen…)	Nastavak prema njemačkom rodu/padežu odaje ili zavodi	visok	
prijevod-de.tsv	Ana slika ___ mačku. (her own)	Ana slika ___ mačku. (ihre eigene)	Ana slika ___ mačku. (ihr eigen…)	Nastavak prema njemačkom rodu/padežu odaje ili zavodi	visok	
prijevod-de.tsv	Svaki igrač nosi ___ loptu. (his own)	Svaki igrač nosi ___ loptu. (seinen eigenen)	Svaki igrač nosi ___ loptu. (sein eigen…)	Nastavak prema njemačkom rodu/padežu odaje ili zavodi	visok	
prijevod-de.tsv	___ vlak ide u Split? (which)	___ vlak ide u Split? (welcher)	___ vlak ide u Split? (welch…)	„welcher“ = muški rod; hrvatski rod drugačiji	srednji	
prijevod-de.tsv	___ pjesmu pjevaš? (which)	___ pjesmu pjevaš? (welcher)	___ pjesmu pjevaš? (welch…)	„welcher“ = muški rod; hrvatski rod drugačiji	srednji	
prijevod-de.tsv	___ film gledamo? (which)	___ film gledamo? (welcher)	___ film gledamo? (welch…)	„welcher“ = muški rod; hrvatski rod drugačiji	srednji	
prijevod-de.tsv	___ knjigu čitaš? (which)	___ knjigu čitaš? (welcher)	___ knjigu čitaš? (welch…)	„welcher“ = muški rod; hrvatski rod drugačiji	srednji	
prijevod-de.tsv	Čija je ovo lopta? — ___ . (mine)	Čija je ovo lopta? — ___ . (meiner)	Čija je ovo lopta? — ___ . (meins)	„meiner“ prati njem. Ball (m.), lopta je ž.	srednji	
sucelje-de.tsv	 points</strong> are	(nema u tsv – ostaje EN u index-de.html)	 Punkte</strong> warten	Nije izvučeno: „5 points are warten noch in“	visok	
sucelje-de.tsv	 point</strong> is	(nema u tsv – ostaje EN u index-de.html)	 Punkt</strong> wartet	Nije izvučeno: „1 point is warten noch in“	visok	
sucelje-de.tsv	 still waiting in 	 warten noch in 	 noch in 	Prilagoditi uz gornja dva (glagol premješten)	visok	
sucelje-de.tsv	% threshold	(nema u tsv – ostaje EN u index-de.html)	%	Nije izvučeno; „unter der 70% threshold“	visok	
sucelje-de.tsv	 · below the 	 · unter der 	 · unter der Schwelle von 	Uz „% threshold“ → „unter der Schwelle von 70%“	visok	
sucelje-de.tsv	 · PASSED ✓	(nema u tsv – ostaje EN u index-de.html)	 · BESTANDEN ✓	Nije izvučeno, ostaje engleski	visok	
sucelje-de.tsv	 points</b> warten noch in dieser Einheit.	(nema u tsv – ostaje EN u index-de.html)	 Punkte</b> warten noch in dieser Einheit.	„points“ ostao engleski (index.html ~12281)	visok	
sucelje-de.tsv	 will be worth 	 sind wert 	 bringt 	„Tag 6 sind wert 6 Punkte“ – gramatički neispravno	srednji	
sucelje-de.tsv	. Miss a day and the streak restarts.	(nema u tsv – ostaje EN u index-de.html)	. Lässt du einen Tag aus, beginnt die Serie von vorn.	Nije izvučeno, ostaje engleski	srednji	
sucelje-de.tsv	 points · pass mark 	(nema u tsv – ostaje EN u index-de.html)	 Punkte · Bestehensgrenze 	Nije izvučeno, ostaje engleski	srednji	
sucelje-de.tsv	. Replay any exercise above — only your best attempt counts, so a weaker run can never cost you points.	(nema u tsv – ostaje EN u index-de.html)	. Wiederhole eine beliebige Übung oben – nur dein bester Versuch zählt, ein schwächerer Durchgang kostet dich also nie Punkte.	Nije izvučeno, ostaje engleski	srednji	
sucelje-de.tsv	Search for a word or translation…	(nema u tsv – ostaje EN u index-de.html)	Suche nach einem Wort oder einer Übersetzung …	Placeholder tražilice nije izvučen	srednji	
sucelje-de.tsv	. They see only the name you chose.	(nema u tsv – ostaje EN u index-de.html)	. Die Person sieht nur den Namen, den du gewählt hast.	Nije izvučeno; pola poruke njemački, pola engleski	srednji	
sucelje-de.tsv	is the apple sitting on the table; 	(nema u tsv – ostaje EN u index-de.html)	ist der Apfel, der auf dem Tisch liegt; 	Nije izvučeno; rečenica miješa EN i DE	srednji	
sucelje-de.tsv	" points in each currency"">"	=	" Punkte in jeder Währung"">"	Tooltip nije izvučen	nizak	
sucelje-de.tsv	here's the complete map of the verb you've been	(nema u tsv – ostaje EN u index-de.html)	hier ist die komplette Übersicht über das Verb, das du	Blobby-redak nije preveden (index.html ~5279)	nizak	
sucelje-de.tsv	The hint behind the info icon comes in a shorter version where one exists:	Der Hinweis hinter dem Info-Symbol gibt es in einer kürzeren Fassung, wo eine existiert:	Den Hinweis hinter dem Info-Symbol gibt es auch in einer kürzeren Fassung, wo vorhanden:	Padež: „Der Hinweis … gibt es“ → „Den“	srednji	
sucelje-de.tsv	Everything you met	Alles, was du getroffen hast	Alles, was dir begegnet ist	„getroffen“ samo za osobe	srednji	
sucelje-de.tsv	best 	bestes 	Bestwert 	„bestes 5“ nije njemački	nizak	
sucelje-de.tsv	best so far 	bisher bestes 	Bestwert bisher: 	„bisher bestes 5 von 10“ neispravno	nizak	
sucelje-de.tsv	level 	Stufe 	Level 	Nedosljedno: drugdje „Level“	nizak	
sucelje-de.tsv	every level open	jede Stufe offen	jedes Level offen	Nedosljedno: drugdje „Level“	nizak	
sucelje-de.tsv	 points — everything from level 	 Punkte – alles ab Stufe 	 Punkte – alles ab Level 	Nedosljedno: drugdje „Level“	nizak	
sucelje-de.tsv	Vocab	Wort	Wortsch.	„Wort“ ≠ Vokabular (kratica)	nizak	
prijevod-de.tsv	"**The helpers:** ja ću · ti ćeš · on/ona/ono će · mi ćemo · vi ćete · oni će. These are short forms of *htjeti* (to want) — historically, ""I will swim"" grew out of ""I want to swim"". English did exactly the same with *will*!"	**Die Hilfswörter:** ja ću · ti ćeš · on/ona/ono će · mi ćemo · vi ćete · oni će. Das sind Kurzformen von *htjeti* (wollen) – historisch ist „ich werde schwimmen“ aus „ich will schwimmen“ entstanden. Das Englische hat mit *will* genau dasselbe gemacht!	**Die Hilfswörter:** ja ću · ti ćeš · on/ona/ono će · mi ćemo · vi ćete · oni će. Das sind Kurzformen von *htjeti* (wollen) – historisch ist das kroatische „plivat ću“ aus „ich will schwimmen“ entstanden. Das Englische hat mit *will* genau dasselbe gemacht!	Netočno: njem. futur nije nastao od „wollen“	srednji	
prijevod-de.tsv	You just met a strange pair: *dobar dan*, but *dobra kava*. Where did the **a** go?	Gerade hast du ein seltsames Paar getroffen: *dobar dan*, aber *dobra kava*. Wo ist das **a** hin?	Gerade hast du ein seltsames Paar kennengelernt: *dobar dan*, aber *dobra kava*. Wo ist das **a** hin?	Anglicizam: „getroffen“ za gradivo → kennengelernt	nizak	
prijevod-de.tsv	You already met this in Lesson 2, under a different name. **Nepostojano a** — the fleeting *a* — is the letter that only exists in the naming form and disappears the moment an ending is added.	Das hast du schon in Lektion 2 getroffen, unter anderem Namen. **Nepostojano a** – das flüchtige *a* – ist der Buchstabe, der nur in der Benennungsform existiert und verschwindet, sobald eine Endung angehängt wird.	Das hast du schon in Lektion 2 kennengelernt, unter anderem Namen. **Nepostojano a** – das flüchtige *a* – ist der Buchstabe, der nur in der Benennungsform existiert und verschwindet, sobald eine Endung angehängt wird.	Anglicizam: „getroffen“ za gradivo → kennengelernt	nizak	
prijevod-de.tsv	**Why can't the helper go first?** Because it is a **clitic** — the same restless family you have now met three times.	**Warum darf das Hilfswort nicht zuerst stehen?** Weil es ein **Klitikon** ist – dieselbe unruhige Familie, die du jetzt schon dreimal getroffen hast.	**Warum darf das Hilfswort nicht zuerst stehen?** Weil es ein **Klitikon** ist – dieselbe unruhige Familie, die du jetzt schon dreimal kennengelernt hast.	Anglicizam: „getroffen“ za gradivo → kennengelernt	nizak	
prijevod-de.tsv	Sort the words by whether they can start a sentence. Anything unstressed leans and cannot (*ću, sam, ga*), while the stressed forms open freely (*neću, nisam, njega*). It is the same split you have now met three times.	Sortiere die Wörter danach, ob sie einen Satz beginnen können. Alles Unbetonte lehnt sich an und kann es nicht (*ću, sam, ga*), während die betonten Formen frei eröffnen (*neću, nisam, njega*). Es ist dieselbe Trennung, die du jetzt schon dreimal getroffen hast.	Sortiere die Wörter danach, ob sie einen Satz beginnen können. Alles Unbetonte lehnt sich an und kann es nicht (*ću, sam, ga*), während die betonten Formen frei eröffnen (*neću, nisam, njega*). Es ist dieselbe Trennung, die du jetzt schon dreimal kennengelernt hast.	Anglicizam: „getroffen“ za gradivo → kennengelernt	nizak	
prijevod-de.tsv	**Next up:** Vocabulary 8 packs the suitcase — travel, clothes and ten new verbs. Then Grammar 8 explains *why* the helper is never allowed to open a sentence — the same rule you already met twice — and gives you the future that refuses: *neću, nećeš, neće*. Then Lesson 9 brings sport, hobbies and the little words that make things *yours*.	**Als Nächstes:** Wortschatz 8 packt den Koffer – Reisen, Kleidung und zehn neue Verben. Dann erklärt Grammatik 8, *warum* das Hilfswort nie einen Satz eröffnen darf – dieselbe Regel, die du schon zweimal getroffen hast –, und gibt dir das Futur, das ablehnt: *neću, nećeš, neće*. Dann bringt Lektion 9 Sport, Hobbys und die kleinen Wörter, die Dinge zu *deinen* machen.	**Als Nächstes:** Wortschatz 8 packt den Koffer – Reisen, Kleidung und zehn neue Verben. Dann erklärt Grammatik 8, *warum* das Hilfswort nie einen Satz eröffnen darf – dieselbe Regel, die du schon zweimal kennengelernt hast –, und gibt dir das Futur, das ablehnt: *neću, nećeš, neće*. Dann bringt Lektion 9 Sport, Hobbys und die kleinen Wörter, die Dinge zu *deinen* machen.	Anglicizam: „getroffen“ za gradivo → kennengelernt	nizak	
prijevod-de.tsv	You met **li** back in Lesson 5, at the shop counter: *Trebate **li** vrećicu?* The recipe has not changed — verb first, *li* second, nothing else moved.	**li** hast du schon in Lektion 5 an der Ladentheke getroffen: *Trebate **li** vrećicu?* Das Rezept hat sich nicht geändert – Verb zuerst, *li* an zweiter Stelle, sonst nichts bewegt.	**li** hast du schon in Lektion 5 an der Ladentheke kennengelernt: *Trebate **li** vrećicu?* Das Rezept hat sich nicht geändert – Verb zuerst, *li* an zweiter Stelle, sonst nichts bewegt.	Anglicizam: „getroffen“ za gradivo → kennengelernt	nizak	
prijevod-de.tsv	**Three verbs join ne into one word.** You met them in Grammar 2, 3 and 8; here they are side by side.	**Drei Verben verschmelzen ne zu einem Wort.** Du hast sie in Grammatik 2, 3 und 8 getroffen; hier stehen sie nebeneinander.	**Drei Verben verschmelzen ne zu einem Wort.** Du hast sie in Grammatik 2, 3 und 8 kennengelernt; hier stehen sie nebeneinander.	Anglicizam: „getroffen“ za gradivo → kennengelernt	nizak	
prijevod-de.tsv	"The last level joins whole thoughts into one big sentence. Five of these connectors you have met before, and here they get their big job: **jer** (because), **kad** (when, the short form of *kada*), **ako** (if), **koji / koja / koje** (which, that, who) and **da** (that), the word you know as ""yes"". The new ones are **zato što**, a longer *because* (*Učim hrvatski zato što volim jezik*), **dok** (while), **iako** (although) and **kao** (like, as): *jezik koji zvuči kao glazba*. **koji** takes the gender of the noun it describes: *film koji*, *knjiga koja*, *more koje*. **da** follows verbs like *znati, misliti, reći*: *Znam da je Zagreb velik.* Then come little words for a story: **čak** (even), **ipak** (still, after all), **dakle** (so), **mnogo** (many, a lot), **neki** (some), **onaj** (that one over there), and two phrases, **prvi put** (the first time) and **jednog dana** (one day)."	Die letzte Stufe verbindet ganze Gedanken zu einem großen Satz. Fünf dieser Bindewörter hast du schon getroffen, und hier bekommen sie ihre große Aufgabe: **jer** (weil), **kad** (wenn, als – die kurze Form von *kada*), **ako** (wenn, falls), **koji / koja / koje** (der, die, das; welcher) und **da** (dass), das Wort, das du als „ja“ kennst. Die neuen sind **zato što**, ein längeres *weil* (*Učim hrvatski zato što volim jezik*), **dok** (während), **iako** (obwohl) und **kao** (wie, als): *jezik koji zvuči kao glazba*. **koji** nimmt das Genus des Substantivs an, das es beschreibt: *film koji*, *knjiga koja*, *more koje*. **da** folgt auf Verben wie *znati, misliti, reći*: *Znam da je Zagreb velik.* Dann kommen kleine Wörter für eine Geschichte: **čak** (sogar), **ipak** (trotzdem, doch), **dakle** (also), **mnogo** (viel, viele), **neki** (einige), **onaj** (jener dort), und zwei Wendungen, **prvi put** (das erste Mal) und **jednog dana** (eines Tages).	Die letzte Stufe verbindet ganze Gedanken zu einem großen Satz. Fünf dieser Bindewörter hast du schon kennengelernt, und hier bekommen sie ihre große Aufgabe: **jer** (weil), **kad** (wenn, als – die kurze Form von *kada*), **ako** (wenn, falls), **koji / koja / koje** (der, die, das; welcher) und **da** (dass), das Wort, das du als „ja“ kennst. Die neuen sind **zato što**, ein längeres *weil* (*Učim hrvatski zato što volim jezik*), **dok** (während), **iako** (obwohl) und **kao** (wie, als): *jezik koji zvuči kao glazba*. **koji** nimmt das Genus des Substantivs an, das es beschreibt: *film koji*, *knjiga koja*, *more koje*. **da** folgt auf Verben wie *znati, misliti, reći*: *Znam da je Zagreb velik.* Dann kommen kleine Wörter für eine Geschichte: **čak** (sogar), **ipak** (trotzdem, doch), **dakle** (also), **mnogo** (viel, viele), **neki** (einige), **onaj** (jener dort), und zwei Wendungen, **prvi put** (das erste Mal) und **jednog dana** (eines Tages).	Anglicizam: „getroffen“ za gradivo → kennengelernt	nizak	
