id	format	uputa_en	uputa_de	odgovor	tekst_en
daily-2026-08-28.md#4#s3.0	upis	the house	das Haus	kuću	Gledam ___ (the house)
gramatika-01.md#8#s1.0	upis	big	groß	velika	Kuća je ___. (big)
gramatika-01.md#8#s2.0	upis	fast	schnell	brz	Automobil je ___. (fast)
gramatika-01.md#8#s3.0	upis	blue	blau	plavo	More je ___. (blue)
gramatika-01.md#8#s4.0	upis	good	gut	dobra	Kava je ___. (good)
gramatika-01.md#8#s5.0	upis	yellow	gelb	žuta	Lampa je ___. (yellow)
gramatika-01.md#8#s6.0	upis	cold	kalt	hladan	Sladoled je ___. (cold)
gramatika-01.md#8#s7.0	upis	old	alt	stara	Knjiga je ___. (old)
gramatika-01.md#8#s9.0	upis	small	klein	mala	Soba je ___. (small)
gramatika-01.md#8#s10.0	upis	beautiful	schön	lijep	Grad je ___. (beautiful)
gramatika-03.md#9#s1.0	upis	drink	trinken	pijem	Ja ___ sok. (drink)
gramatika-03.md#9#s2.0	upis	eat	essen	jedeš	Ti ___ kruh. (eat)
gramatika-03.md#9#s3.0	upis	writes	schreibt	piše	Ana ___ pismo. (writes)
gramatika-03.md#9#s4.0	upis	watch	schauen	gledam	Ja ___ film. (watch)
gramatika-03.md#9#s5.0	upis	works	arbeitet	radi	Marko ___ . (works)
gramatika-03.md#9#s6.0	upis	read	lesen	čitaš	Ti ___ udžbenik. (read)
gramatika-03.md#9#s7.0	upis	study	lernen	učim	Ja ___ hrvatski. (study)
gramatika-03.md#9#s8.0	upis	sleeps	schläft	spava	Pas ___ . (sleeps)
gramatika-03.md#9#s9.0	upis	listens to	hört	sluša	Ona ___ radio. (listens to)
gramatika-03.md#9#s10.0	upis	eat	essen	jedem	Ja ___ sendvič. (eat)
gramatika-04.md#12#s1.0	upis	because	weil	jer	Ne radim danas ___ sam umoran. (because)
gramatika-04.md#12#s2.0	upis	whereas	während	a	Brat uči, ___ sestra spava. (whereas)
gramatika-04.md#12#s3.0	upis	but	aber	ali	Stan je mali, ___ je dom topao. (but)
gramatika-04.md#12#s4.0	upis	and	und	i	Mama radi ___ čita. (and)
gramatika-04.md#12#s5.0	upis	because	weil	jer	Učim hrvatski ___ volim jezik. (because)
gramatika-04.md#12#s6.0	upis	and	und	i	Djed sjedi ___ čeka. (and)
gramatika-04.md#12#s7.0	upis	whereas	während	a	Teta kuha, ___ ujak čisti. (whereas)
gramatika-04.md#12#s8.0	upis	but	aber	ali	Soba je mala, ___ je svijetla. (but)
gramatika-09.md#4#s1.0	izbor	my	mein	moja	___ lopta je crvena. (my)
gramatika-09.md#4#s2.0	izbor	our	unser	naš	___ klub je dobar. (our)
gramatika-09.md#4#s3.0	izbor	his	sein	njegova	___ gitara je stara. (his)
gramatika-09.md#4#s4.0	izbor	their	ihr – von ihnen	njihov	___ dres je plav. (their)
gramatika-09.md#4#s5.0	izbor	my	mein	moje	___ koljeno boli. (my)
gramatika-09.md#4#s6.0	izbor	our	unser	naša	___ momčad je jaka. (our)
gramatika-09.md#4#s7.0	izbor	their	ihr – von ihnen	njihov	___ trener je strog. (their)
gramatika-09.md#4#s8.0	izbor	her	ihr – von ihr	njezino	___ srce je veliko. (her)
gramatika-09.md#4#s9.0	izbor	his	sein	njegova	___ pozicija je golman. (his)
gramatika-09.md#4#s10.0	izbor	my	mein	moje	___ tijelo je umorno. (my)
gramatika-09.md#4#s11.0	izbor	your, plural	euer	vaša	___ obrana je brza. (your, plural)
gramatika-09.md#4#s12.0	izbor	your, one person	dein	tvoj	___ fotoaparat je nov. (your, one person)
gramatika-09.md#5#s1.0	upis	my	mein	Moj	___ hobi je fotografija. (my)
gramatika-09.md#5#s2.0	upis	my	mein	Moja	___ sestra svira gitaru. (my)
gramatika-09.md#5#s3.0	upis	my	mein	Moje	___ koljeno boli. (my)
gramatika-09.md#5#s4.0	upis	our	unser	Naš	___ klub trenira danas. (our)
gramatika-09.md#5#s5.0	upis	our	unser	Naša	___ momčad pobjeđuje. (our)
gramatika-09.md#5#s6.0	upis	our	unser	Naše	___ more je toplo. (our)
gramatika-09.md#5#s7.0	upis	his	sein	Njegov	___ dres je nov. (his)
gramatika-09.md#5#s8.0	upis	his	sein	Njegova	___ pozicija je golman. (his)
gramatika-09.md#5#s9.0	upis	his	sein	Njegovo	___ srce je jako. (his)
gramatika-09.md#5#s10.0	upis	her	ihr – von ihr	Njezin	___ fotoaparat je star. (her)
gramatika-09.md#5#s11.0	upis	her	ihr – von ihr	Njezina	___ gitara je nova. (her)
gramatika-09.md#5#s12.0	upis	their	ihr – von ihnen	Njihov	___ trener je pošten. (their)
gramatika-09.md#5#s13.0	upis	their	ihr – von ihnen	Njihova	___ obrana je brza. (their)
gramatika-09.md#5#s14.0	upis	your, plural	euer	Vaš	___ park je velik. (your, plural)
gramatika-09.md#8#s1.0	izbor	our	unser	Naši	___ hobiji su različiti. (our)
gramatika-09.md#8#s2.0	izbor	their	ihr – von ihnen	Njihove	___ pjesme su lijepe. (their)
gramatika-09.md#8#s3.0	izbor	my	mein	Moja	___ koljena su umorna. (my)
gramatika-09.md#8#s4.0	izbor	my	mein	Moji	___ prijatelji su veseli. (my)
gramatika-09.md#8#s5.0	izbor	her	ihr – von ihr	Njezine	___ knjige su nove. (her)
gramatika-09.md#8#s6.0	izbor	our	unser	Naši	___ igrači su brzi. (our)
gramatika-09.md#8#s7.0	izbor	your, plural	euer	Vaši	___ dresovi su plavi. (your, plural)
gramatika-09.md#8#s8.0	izbor	their	ihr – von ihnen	Njihove	___ sestre su mlade. (their)
gramatika-09.md#8#s9.0	izbor	his	sein	Njegova	___ pisma su duga. (his)
gramatika-09.md#8#s10.0	izbor	your, one person	dein	Tvoje	___ olovke su male. (your, one person)
gramatika-09.md#10#s1.0	izbor	his own	sein eigen-	svoj	Marko voli ___ klub. (his own)
gramatika-09.md#10#s2.0	izbor	Ana's guitar	Anas Gitarre	njezinu	Marko gleda ___ gitaru. (Ana's guitar)
gramatika-09.md#10#s3.0	izbor	her own	ihr eigen-	svoj	Ana nosi ___ dres. (her own)
gramatika-09.md#10#s4.0	izbor	her own	ihr eigen-	svoju	Ana zove ___ sestru. (her own)
gramatika-09.md#10#s5.0	izbor	Marko's sister	Markos Schwester	njegovu	Ana zove ___ sestru. (Marko's sister)
gramatika-09.md#10#s6.0	izbor	their own	ihr eigen-, von ihnen	svoj	Igrači vole ___ klub. (their own)
gramatika-09.md#10#s7.0	izbor	his own	sein eigen-	svoju	Trener gleda ___ momčad. (his own)
gramatika-09.md#10#s8.0	izbor	their own	ihr eigen-, von ihnen	svoje	Djeca nose ___ dresove. (their own)
gramatika-09.md#10#s9.0	izbor	her own	ihr eigen-	svoj	Ona vozi ___ auto. (her own)
gramatika-09.md#10#s10.0	izbor	Marko's jersey	Markos Trikot	njegov	On nosi ___ dres. (Marko's jersey)
gramatika-09.md#10#s11.0	izbor	her own	ihr eigen-	svoju	Sestra slika ___ mamu. (her own)
gramatika-09.md#10#s12.0	izbor	his own	sein eigen-	svoj	Ivan voli ___ grad. (his own)
gramatika-10.md#3#s4.0	nastavak	a man	ein Mann	Yesterday I slept for a long time.	Jučer sam spava___ dugo. (a man)
gramatika-10.md#3#s5.0	nastavak	a woman	eine Frau	Yesterday I slept for a long time.	Jučer sam spava___ dugo. (a woman)
gramatika-10.md#3#s19.0	nastavak	a man	ein Mann	I went to the cinema.	Ja sam iša___ u kino. (a man)
gramatika-10.md#3#s20.0	nastavak	a woman	eine Frau	I went to the cinema.	Ja sam iš___ u kino. (a woman)
gramatika-11.md#8#s1.0	upis	whose	wessen	Čiji	___ je ovo dres? (whose)
gramatika-11.md#8#s2.0	upis	what kind of	was für ein	Kakvo	___ je more danas? (what kind of)
gramatika-11.md#8#s3.0	upis	which	welch-	Koji	___ vlak ide u Split? (which)
gramatika-11.md#8#s4.0	upis	whose	wessen	Čije	___ je ovo pismo? (whose)
gramatika-11.md#8#s5.0	upis	which	welch-	Koju	___ pjesmu pjevaš? (which)
gramatika-11.md#8#s6.0	upis	what kind of	was für ein	Kakva	___ je tvoja sestra? (what kind of)
gramatika-11.md#8#s7.0	upis	whose	wessen	Čija	___ je ovo lopta? (whose)
gramatika-11.md#8#s8.0	upis	which	welch-	Koji	___ film gledamo? (which)
gramatika-11.md#8#s9.0	upis	what kind of	was für ein	Kakva	___ je kava? (what kind of)
gramatika-11.md#8#s10.0	upis	which	welch-	Koju	___ knjigu čitaš? (which)
gramatika-11.md#8#s11.0	upis	whose	wessen	Čije	___ su ovo knjige? (whose)
gramatika-11.md#8#s12.0	upis	what kind of	was für ein	Kakav	___ je poklon? (what kind of)
gramatika-12.md#7#s1.0	izbor	nothing	nichts	ništa	Marko ___ ne jede. (nothing)
gramatika-12.md#7#s2.0	izbor	something	etwas	nešto	Marko ___ jede. (something)
gramatika-12.md#7#s3.0	izbor	nobody	niemand	Nitko	___ ne kuha. (nobody)
gramatika-12.md#7#s4.0	izbor	somebody	jemand	Netko	___ pjeva u kuhinji. (somebody)
gramatika-12.md#7#s5.0	izbor	nobody	niemanden	Nikoga	___ ne čekam. (nobody)
gramatika-12.md#7#s6.0	izbor	somebody	jemanden	nekoga	Čekaš li ___? (somebody)
gramatika-12.md#7#s7.0	izbor	nowhere	nirgendwohin	nigdje	Ana ___ ne ide. (nowhere)
gramatika-12.md#7#s8.0	izbor	somewhere	irgendwo	negdje	Ključ je ___ u kuhinji. (somewhere)
gramatika-12.md#7#s9.0	izbor	never	nie	nikad	Baka ___ ne pije kavu. (never)
gramatika-12.md#7#s10.0	izbor	sometimes	manchmal	nekad	Djed ___ pije vino. (sometimes)
gramatika-12.md#7#s11.0	izbor	nothing	nichts	Ništa	___ nisam jela. (nothing)
gramatika-12.md#7#s12.0	izbor	nobody	niemand	Nitko	___ neće doći. (nobody)
gramatika-13.md#13#s1.0	izbor	city, singular	Stadt, Singular	gradu	Živim u ___ . (city, singular)
gramatika-13.md#13#s2.0	izbor	cities, plural	Städte, Plural	gradovima	Turisti su u ___ . (cities, plural)
gramatika-13.md#13#s3.0	izbor	school, singular	Schule, Singular	školi	Djeca su u ___ . (school, singular)
gramatika-13.md#13#s4.0	izbor	islands, plural	Inseln, Plural	otocima	Turisti su na ___ . (islands, plural)
gramatika-13.md#13#s5.0	izbor	streets, plural	Straßen, Plural	ulicama	Bili smo na ___ . (streets, plural)
gramatika-13.md#13#s6.0	izbor	bags, plural	Taschen, Plural	torbama	Knjige su u ___ . (bags, plural)
gramatika-13.md#13#s7.0	izbor	parks, plural	Parks, Plural	parkovima	Djeca su u ___ . (parks, plural)
gramatika-13.md#13#s8.0	izbor	kitchen, singular	Küche, Singular	kuhinji	Petra je u ___ . (kitchen, singular)
gramatika-13.md#13#s9.0	izbor	cinemas, plural	Kinos, Plural	kinima	Filmovi su u ___ . (cinemas, plural)
gramatika-13.md#13#s10.0	izbor	books, plural	Bücher, Plural	knjigama	Pričamo o ___ . (books, plural)
gramatika-13.md#13#s11.0	izbor	beach, singular	Strand, Singular	plaži	Ana je na ___ . (beach, singular)
gramatika-13.md#13#s12.0	izbor	bank, singular	Bank, Singular	banci	Mama je u ___ . (bank, singular)
gramatika-14.md#12#s1.0	izbor	him	ihm	Njemu	Komu pišeš? — ___ . (him)
gramatika-14.md#12#s2.0	izbor	to me	mir	mi	Baka ___ šalje paket. (to me)
gramatika-14.md#12#s3.0	izbor	to me	mir	Meni	___ šalje paket, ne tebi! (to me)
gramatika-14.md#12#s4.0	izbor	to him	ihm	mu	Dajem ___ loptu. (to him)
gramatika-14.md#12#s5.0	izbor	to her	ihr	njoj	Kupujem cvijeće ___, a ne Ani. (to her)
gramatika-14.md#12#s6.0	izbor	to us	uns	nam	Poštar ___ nosi novine. (to us)
gramatika-14.md#12#s7.0	izbor	to you, plural	euch	vam	Šaljem ___ poruku. (to you, plural)
gramatika-14.md#12#s8.0	izbor	to them	ihnen	Njima	Komu daješ ključ? — ___ . (to them)
gramatika-14.md#12#s9.0	izbor	to her	ihr	joj	Kupit ću ___ šal. (to her)
gramatika-14.md#12#s10.0	izbor	to him	ihm	mu	Mama ___ je poslala paket. (to him)
gramatika-15.md#7#s1.0	izbor	with a pencil	mit einem Bleistift	olovkom	Pišem ___ . (with a pencil)
gramatika-15.md#7#s2.0	izbor	by card	mit Karte	karticom	Plaćam ___ . (by card)
gramatika-15.md#7#s3.0	izbor	with jam	mit Marmelade	s džemom	Palačinke ___ , molim. (with jam)
gramatika-15.md#7#s4.0	izbor	with lemon	mit Zitrone	s limunom	Čaj ___ , molim. (with lemon)
gramatika-15.md#7#s5.0	izbor	with Marko	mit Marko	s Markom	Idem ___ vlakom. (with Marko)
gramatika-15.md#7#s6.0	izbor	with sugar	mit Zucker	sa šećerom	Kavu pijem ___ . (with sugar)
gramatika-15.md#7#s7.0	izbor	with a fork	mit einer Gabel	vilicom	Jedem ___ i nožem. (with a fork)
gramatika-15.md#7#s8.0	izbor	with my hand	mit der Hand	rukom	Pizzu jedem ___ . (with my hand)
gramatika-15.md#7#s9.0	izbor	together with my sister	zusammen mit meiner Schwester	sa sestrom	Pišem pismo ___ . (together with my sister)
gramatika-15.md#7#s10.0	izbor	by bus	mit dem Bus	Autobusom	Čime putuješ? — ___ . (by bus)
gramatika-15.md#10#s1.0	izbor	by train	mit dem Zug	vlakom	Putujem ___ . (by train)
gramatika-15.md#10#s2.0	izbor	with him	mit ihm	s njim	Idem u kino ___ . (with him)
gramatika-15.md#10#s3.0	izbor	by bus	mit dem Bus	autobusom	Idemo ___ . (by bus)
gramatika-15.md#10#s4.0	izbor	with me	mit mir	sa mnom	Ideš li ___ ? (with me)
gramatika-15.md#10#s5.0	izbor	with us	mit uns	s nama	Ana putuje ___ . (with us)
gramatika-15.md#10#s6.0	izbor	with her	mit ihr	s njom	Plešem ___ . (with her)
gramatika-15.md#10#s7.0	izbor	by ferry	mit der Fähre	trajektom	Idem na otok ___ . (by ferry)
gramatika-15.md#10#s8.0	izbor	with them	mit ihnen	s njima	Večeramo ___ . (with them)
gramatika-15.md#10#s9.0	izbor	with you, a friend	mit dir	s tobom	Idem ___ u grad. (with you, a friend)
gramatika-15.md#10#s10.0	izbor	by car	mit dem Auto	autom	Putujete li ___ ? (by car)
gramatika-15.md#10#s11.0	izbor	with you, polite	mit Ihnen, höflich	s vama	Marko izlazi ___ . (with you, polite)
gramatika-15.md#10#s12.0	izbor	with milk	mit Milch	s mlijekom	Pijem kavu ___ . (with milk)
gramatika-16.md#6#s1.0	izbor	without	ohne	bez	Kava ___ mlijeka, molim. (without)
gramatika-16.md#6#s2.0	izbor	from	aus	iz	Putujem ___ Splita. (from)
gramatika-16.md#6#s3.0	izbor	at … 's place	bei	kod	Večeras smo ___ bake. (at … 's place)
gramatika-16.md#6#s4.0	izbor	next to	neben	Pokraj	___ kuće je vrt. (next to)
gramatika-16.md#6#s5.0	izbor	under	unter	ispod	Mačka spava ___ kreveta. (under)
gramatika-16.md#6#s6.0	izbor	above	über	iznad	Svjetlo visi ___ stola. (above)
gramatika-16.md#6#s7.0	izbor	after	nach	Nakon	___ ručka spavam. (after)
gramatika-16.md#6#s8.0	izbor	instead of	statt	umjesto	Pijem čaj ___ kave. (instead of)
gramatika-16.md#6#s9.0	izbor	between	zwischen	između	Park je ___ škole i pošte. (between)
gramatika-16.md#6#s10.0	izbor	made of	aus	od	Torta ___ čokolade, molim. (made of)
gramatika-16.md#6#s11.0	izbor	except	außer	osim	Nitko ne zna ___ Marka. (except)
gramatika-16.md#6#s12.0	izbor	in front of	vor	ispred	Auto je ___ kuće. (in front of)
gramatika-16.md#10#s5.0	izbor	two	zwei	dvije	___ kave (two)
gramatika-16.md#10#s6.0	izbor	two	zwei	dva	___ soka (two)
gramatika-17.md#9#s1.0	upis	must	müssen	moram	Ja ___ raditi danas. (must)
gramatika-17.md#9#s2.0	upis	can	können	možeš	Ti ___ doći sutra. (can)
gramatika-17.md#9#s3.0	upis	can	können	može	Ona ne ___ plivati. (can)
gramatika-17.md#9#s4.0	upis	must	müssen	moramo	Mi ___ učiti. (must)
gramatika-17.md#9#s5.0	upis	want	wollen	hoću	Ja ___ kavu. (want)
gramatika-17.md#9#s6.0	upis	must	müssen	moraju	Oni ___ ići pješice. (must)
gramatika-17.md#9#s7.0	upis	can	können	možete	Vi ___ skrenuti lijevo. (can)
gramatika-17.md#9#s8.0	upis	can, ti	können, ti	Možeš	___ li doći u osam? (can, ti)
gramatika-17.md#9#s9.0	upis	want	wollen	hoćemo	Mi ___ ići na more. (want)
gramatika-17.md#9#s10.0	upis	can	können	mogu	Oni ne ___ plivati. (can)
gramatika-17.md#9#s11.0	upis	must	müssen	mora	Marko ___ kupiti kartu. (must)
gramatika-17.md#9#s12.0	upis	can, vi	können, vi	Možete	___ li skrenuti desno? (can, vi)
gramatika-18.md#9#s1.0	upis	possible	möglich	Ako	___ imam vremena, doći ću. (possible)
gramatika-18.md#9#s2.0	upis	a dream	ein Traum	Da	___ imam vremena, došao bih. (a dream)
gramatika-18.md#9#s3.0	upis	possible	möglich	Ako	___ je lijepo, idemo na rijeku. (possible)
gramatika-18.md#9#s4.0	upis	a dream	ein Traum	Da	___ je more toplo, plivali bismo. (a dream)
gramatika-18.md#9#s5.0	upis	possible	möglich	Ako	___ pada kiša, ostat ću doma. (possible)
gramatika-18.md#9#s6.0	upis	a dream	ein Traum	Da	___ imam brod, putovala bih. (a dream)
gramatika-18.md#9#s7.0	upis	possible	möglich	Ako	___ dođeš u osam, idemo u kino. (possible)
gramatika-18.md#9#s8.0	upis	a dream	ein Traum	Da	___ znam kuhati, kuhao bih svaki dan. (a dream)
gramatika-18.md#9#s9.0	upis	a dream	ein Traum	Kad	___ bih imao vremena, došao bih. (a dream)
gramatika-18.md#9#s10.0	upis	a dream	ein Traum	Kad	___ bismo bili bogati, kupili bismo vilu. (a dream)
gramatika-19.md#6#s1.0	upis	pisati / napisati, a man	pisati / napisati, ein Mann	pisao	Cijelo poslijepodne sam ___ pismo. (pisati / napisati, a man)
gramatika-19.md#6#s2.0	upis	pisati / napisati, a woman	pisati / napisati, eine Frau	napisala	Napokon sam ___ pismo. (pisati / napisati, a woman)
gramatika-19.md#6#s8.0	upis	učiti / naučiti, a woman	učiti / naučiti, eine Frau	naučila	Napokon sam ___ sve riječi. (učiti / naučiti, a woman)
gramatika-19.md#6#s9.0	upis	kupovati / kupiti, a man	kupovati / kupiti, ein Mann	kupovao	Svaki dan sam ___ kruh. (kupovati / kupiti, a man)
gramatika-19.md#6#s11.0	upis	pisati / napisati, to a boy	pisati / napisati, zu einem Jungen	napisao	Jesi li ___ zadaću? (pisati / napisati, to a boy)
lekcija-09.md#12#s1.0	upis	my	mein	Moj	___ hobi je fotografija. (my)
lekcija-09.md#12#s2.0	upis	my	mein	Moja	___ sestra svira gitaru. (my)
lekcija-09.md#12#s3.0	upis	my	mein	Moje	___ koljeno boli. (my)
lekcija-09.md#12#s4.0	upis	our	unser	Naš	___ klub trenira danas. (our)
lekcija-09.md#12#s5.0	upis	our	unser	Naša	___ momčad pobjeđuje. (our)
lekcija-09.md#12#s6.0	upis	our	unser	Naše	___ more je toplo. (our)
lekcija-09.md#12#s7.0	upis	his	sein	Njegova	___ pozicija je golman. (his)
lekcija-09.md#12#s8.0	upis	his	sein	Njegov	___ dres je nov. (his)
lekcija-09.md#12#s9.0	upis	his	sein	Njegovo	___ srce je jako. (his)
lekcija-09.md#12#s10.0	upis	her	ihr – von ihr	Njezina	___ gitara je stara. (her)
lekcija-09.md#12#s11.0	upis	their	ihr – von ihnen	Njihov	___ trening je težak. (their)
lekcija-09.md#12#s12.0	upis	their	ihr – von ihnen	Njihova	___ obrana je brza. (their)
lekcija-09.md#14#s1.0	izbor	his own	sein eigen-	svoju	Marko voli ___ sestru. (his own)
lekcija-09.md#14#s3.0	izbor	her own	ihr eigen-	svoju	Ana čita ___ knjigu. (her own)
lekcija-09.md#14#s4.0	izbor	her own	ihr eigen-	svoj	Maja voli ___ hobi. (her own)
lekcija-09.md#14#s5.0	izbor	his own	sein eigen-	svoju	Luka nosi ___ loptu. (his own)
lekcija-09.md#14#s6.0	izbor	her own	ihr eigen-	svoju	Ana slika ___ mačku. (her own)
lekcija-09.md#14#s7.0	izbor	his own	sein eigen-	svoju	Trener gleda ___ momčad. (his own)
lekcija-09.md#14#s8.0	izbor	their own	ihr eigen-, von ihnen	svoje	Djeca nose ___ dresove. (their own)
lekcija-09.md#14#s9.0	izbor	her own	ihr eigen-	svoj	Ona vozi ___ auto. (her own)
lekcija-10.md#2#s1.0	brzina	my	mein	moja	___ gitara (my)
lekcija-10.md#2#s2.0	brzina	our	unser	naš	___ klub (our)
lekcija-10.md#2#s3.0	brzina	his	sein	njegov	___ dres (his)
lekcija-10.md#2#s4.0	brzina	her	ihr – von ihr	njezina	___ lopta (her)
lekcija-10.md#2#s5.0	brzina	our	unser	naše	___ more (our)
lekcija-10.md#2#s6.0	brzina	my	mein	moje	___ koljeno (my)
lekcija-10.md#2#s7.0	brzina	their	ihr – von ihnen	njihov	___ trener (their)
lekcija-10.md#2#s8.0	brzina	your, one friend	dein	tvoja	___ momčad (your, one friend)
lekcija-10.md#2#s9.0	brzina	his	sein	njegovo	___ srce (his)
lekcija-10.md#2#s10.0	brzina	your, plural	euer	vaša	___ obrana (your, plural)
lekcija-10.md#2#s11.0	brzina	my	mein	moj	___ hobi (my)
lekcija-10.md#2#s12.0	brzina	her	ihr – von ihr	njezino	___ tijelo (her)
lekcija-10.md#8#s4.0	nastavak	a man	ein Mann	Yesterday I slept for a long time.	Jučer sam spava___ dugo. (a man)
lekcija-10.md#8#s5.0	nastavak	a woman	eine Frau	Yesterday I slept for a long time.	Jučer sam spava___ dugo. (a woman)
lekcija-10.md#8#s21.0	nastavak	to a friend, m.	zu einem Freund	You played tennis.	Ti si igra___ tenis. (to a friend, m.)
lekcija-10.md#8#s22.0	nastavak	to a friend, f.	zu einer Freundin	You played tennis.	Ti si igra___ tenis. (to a friend, f.)
lekcija-10.md#9#s7.0	izbor	a woman	eine Frau	sam pila	Ja ___ kavu. (a woman)
lekcija-10.md#9#s8.0	izbor	a man	ein Mann	sam pio	Ja ___ kavu. (a man)
lekcija-10.md#9#s10.0	izbor	to a friend, m.	zu einem Freund, m.	si spavao	Ti ___ dugo. (to a friend, m.)
lekcija-13.md#2#s6.0	brzina	nothing	nichts	ništa	Marko ___ ne jede. (nothing)
lekcija-13.md#2#s7.0	brzina	nobody	niemand	Nitko	___ ne kuha. (nobody)
lekcija-13.md#2#s8.0	brzina	never	nie	Nikad	___ ne pijem mlijeko. (never)
lekcija-13.md#2#s9.0	brzina	nowhere	nirgendwohin	nigdje	Ana ___ ne ide. (nowhere)
lekcija-13.md#2#s11.0	brzina	nobody, target	niemand, Ziel	Nikoga	___ ne čekam. (nobody, target)
lekcija-13.md#9#s11.0	izbor	at the seaside	am Meer	na moru	Djeca su ___ . (at the seaside)
lekcija-19.md#9#s4.0	izbor	a man	ein Mann	jeo	Ja sam ___ juhu pola sata. (a man)
praksa-01.md#3#s3.0	upis	Dubrovnik is popular.	Dubrovnik ist beliebt.	popularan	Dubrovnik je ___ . (Dubrovnik is popular.)
praksa-02.md#3#s4.0	upis	tall	groß	visoka	Ana je mlada i ___ . (tall)
praksa-02.md#3#s5.0	upis	hard-working	fleißig	vrijedan	Marko je jak i ___ . (hard-working)
praksa-02.md#3#s6.0	upis	kind	nett	draga	Petra je pametna i ___ . (kind)
praksa-02.md#3#s8.0	upis	happy	glücklich	sretni	Mi smo ___ . (happy)
praksa-09.md#3#s1.0	upis	my	mein	Moj	___ fotoaparat je star. (my)
praksa-09.md#3#s2.0	upis	her	ihr – von ihr	Njezina	___ gitara je nova. (her)
praksa-09.md#3#s3.0	upis	his	sein	Njegova	___ lopta je uvijek vani. (his)
praksa-09.md#3#s4.0	upis	his	sein	Njegov	___ dres je prljav. (his)
praksa-09.md#3#s5.0	upis	his	sein	Njegovo	___ koljeno boli. (his)
praksa-09.md#3#s6.0	upis	my	mein	Moji	___ roditelji navijaju. (my)
praksa-09.md#3#s7.0	upis	our	unser	Naši	___ hobiji su različiti. (our)
praksa-09.md#3#s8.0	upis	our	unser	Naša	___ kuća je vesela. (our)
praksa-09.md#12#s1.0	upis	our	unser	Naš	___ klub je mali. (our)
praksa-09.md#12#s2.0	upis	our	unser	Naš	___ trener je pošten. (our)
praksa-09.md#12#s3.0	upis	my	mein	Moja	___ pozicija je golman. (my)
praksa-09.md#12#s4.0	upis	his	sein	Njegov	___ dres je plav. (his)
praksa-09.md#12#s5.0	upis	their	ihr – von ihnen	Njihova	___ obrana je jaka. (their)
praksa-09.md#12#s6.0	upis	our	unser	Naši	___ roditelji navijaju. (our)
praksa-09.md#12#s7.0	upis	her	ihr – von ihr	Njezina	___ gitara je nova. (her)
praksa-09.md#12#s8.0	upis	her	ihr – von ihr	Njezin	___ hobi je glazba. (her)
praksa-09.md#12#s9.0	upis	his	sein	Njegovo	___ koljeno boli. (his)
praksa-09.md#12#s10.0	upis	my	mein	Moja	___ lopta je crvena. (my)
praksa-09.md#12#s11.0	upis	our	unser	Naš	___ park ima nove golove. (our)
praksa-09.md#12#s12.0	upis	our	unser	Naši	___ hobiji su različiti. (our)
praksa-14.md#9#s6.0	upis	to them	ihnen	im	Svi su sretni, jer ___ Ivo nosi dobre vijesti. (to them)
test-01.md#5#s1.0	upis	big	groß	velik	Hotel je ___. (big)
test-01.md#5#s2.0	upis	old	alt	star	Grad je ___. (old)
test-01.md#5#s3.0	upis	beautiful	schön	lijep	Grad je ___. (beautiful)
test-01.md#5#s4.0	upis	new	neu	nov	Stol je ___. (new)
test-01.md#5#s5.0	upis	old	alt	star	Stol je ___. (old)
test-01.md#5#s6.0	upis	soft	weich	mekan	Krevet je ___. (soft)
test-01.md#5#s7.0	upis	new	neu	nov	Krevet je ___. (new)
test-01.md#5#s8.0	upis	big	groß	velik	Prozor je ___. (big)
test-01.md#5#s9.0	upis	fast	schnell	brz	Automobil je ___. (fast)
test-01.md#5#s10.0	upis	black	schwarz	crn	Automobil je ___. (black)
test-01.md#5#s11.0	upis	red	rot	crven	Automobil je ___. (red)
test-01.md#5#s12.0	upis	cold	kalt	hladan	Sladoled je ___. (cold)
test-01.md#5#s13.0	upis	sweet	süß	sladak	Sladoled je ___. (sweet)
test-01.md#5#s14.0	upis	good	gut	dobar	Sladoled je ___. (good)
test-01.md#5#s15.0	upis	beautiful	schön	lijep	Dan je ___. (beautiful)
test-01.md#5#s17.0	upis	new	neu	nov	Telefon je ___. (new)
test-01.md#5#s18.0	upis	old	alt	star	Telefon je ___. (old)
test-01.md#5#s20.0	upis	big	groß	velik	Problem je ___. (big)
test-01.md#5#s21.0	upis	new	neu	nov	Restoran je ___. (new)
test-01.md#5#s22.0	upis	big	groß	velika	Kuća je ___. (big)
test-01.md#5#s23.0	upis	white	weiß	bijela	Kuća je ___. (white)
test-01.md#5#s24.0	upis	old	alt	stara	Kuća je ___. (old)
test-01.md#5#s25.0	upis	red	rot	crvena	Kuća je ___. (red)
test-01.md#5#s26.0	upis	beautiful	schön	lijepa	Kuća je ___. (beautiful)
test-01.md#5#s27.0	upis	new	neu	nova	Knjiga je ___. (new)
test-01.md#5#s28.0	upis	old	alt	stara	Knjiga je ___. (old)
test-01.md#5#s29.0	upis	beautiful	schön	lijepa	Knjiga je ___. (beautiful)
test-01.md#5#s30.0	upis	yellow	gelb	žuta	Lampa je ___. (yellow)
test-01.md#5#s31.0	upis	green	grün	zelena	Lampa je ___. (green)
test-01.md#5#s32.0	upis	new	neu	nova	Lampa je ___. (new)
test-01.md#5#s33.0	upis	big	groß	velika	Soba je ___. (big)
test-01.md#5#s35.0	upis	white	weiß	bijela	Soba je ___. (white)
test-01.md#5#s36.0	upis	beautiful	schön	lijepa	Soba je ___. (beautiful)
test-01.md#5#s37.0	upis	good	gut	dobra	Kava je ___. (good)
test-01.md#5#s39.0	upis	cold	kalt	hladna	Kava je ___. (cold)
test-01.md#5#s40.0	upis	black	schwarz	crna	Kava je ___. (black)
test-01.md#5#s41.0	upis	yellow	gelb	žuta	Banana je ___. (yellow)
test-01.md#5#s42.0	upis	sweet	süß	slatka	Banana je ___. (sweet)
test-01.md#5#s43.0	upis	sweet	süß	slatka	Čokolada je ___. (sweet)
test-01.md#5#s44.0	upis	good	gut	dobra	Čokolada je ___. (good)
test-01.md#5#s45.0	upis	beautiful	schön	lijepa	Lampa je ___. (beautiful)
test-01.md#5#s46.0	upis	new	neu	nova	Kuća je ___. (new)
test-01.md#5#s47.0	upis	good	gut	dobra	Knjiga je ___. (good)
test-01.md#5#s48.0	upis	blue	blau	plavo	More je ___. (blue)
test-01.md#5#s50.0	upis	cold	kalt	hladno	More je ___. (cold)
test-01.md#5#s51.0	upis	green	grün	zeleno	More je ___. (green)
test-01.md#5#s52.0	upis	beautiful	schön	lijepo	More je ___. (beautiful)
test-01.md#5#s53.0	upis	big	groß	veliko	More je ___. (big)
test-01.md#5#s54.0	upis	blue	blau	plavo	Nebo je ___. (blue)
test-01.md#5#s55.0	upis	black	schwarz	crno	Nebo je ___. (black)
test-01.md#5#s56.0	upis	beautiful	schön	lijepo	Nebo je ___. (beautiful)
test-01.md#5#s57.0	upis	big	groß	veliko	Nebo je ___. (big)
test-01.md#5#s59.0	upis	yellow	gelb	žuto	Sunce je ___. (yellow)
test-01.md#5#s60.0	upis	big	groß	veliko	Sunce je ___. (big)
test-01.md#5#s61.0	upis	red	rot	crveno	Sunce je ___. (red)
test-01.md#5#s62.0	upis	beautiful	schön	lijepo	Sunce je ___. (beautiful)
test-02.md#8#s1.0	upis	tall	groß	visoka	Ona je ___. (tall)
test-02.md#8#s2.0	upis	tall	groß	visok	On je ___. (tall)
test-02.md#8#s3.0	upis	tall	groß	visoki	Oni su ___. (tall)
test-02.md#8#s4.0	upis	tired	müde	umoran	On je ___. (tired)
test-02.md#8#s5.0	upis	tired	müde	umorna	Ona je ___. (tired)
test-02.md#8#s6.0	upis	happy	glücklich	sretni	Mi smo ___. (happy)
test-02.md#8#s7.0	upis	smart	klug	pametna	Ana je ___. (smart)
test-02.md#8#s8.0	upis	hungry	hungrig	gladan	Marko je ___. (hungry)
test-02.md#8#s9.0	upis	hungry	hungrig	gladna	Ona je ___. (hungry)
test-02.md#8#s10.0	upis	thirsty	durstig	žedan	Ja sam ___. (thirsty)
test-02.md#8#s11.0	upis	brave	mutig	hrabri	Oni su ___. (brave)
test-02.md#8#s12.0	upis	brave	mutig	hrabra	Ona je ___. (brave)
test-02.md#8#s13.0	upis	kind	nett	draga	Ona je ___. (kind)
test-02.md#8#s14.0	upis	polite	höflich	ljubazni	Vi ste ___. (polite)
test-02.md#8#s15.0	upis	polite	höflich	ljubazna	Ona je ___. (polite)
test-02.md#8#s16.0	upis	serious	ernst	ozbiljan	On je ___. (serious)
test-02.md#8#s17.0	upis	serious	ernst	ozbiljna	Ona je ___. (serious)
test-02.md#8#s18.0	upis	busy	beschäftigt	zauzeta	Petra je ___. (busy)
test-02.md#8#s19.0	upis	busy	beschäftigt	zauzet	On je ___. (busy)
test-02.md#8#s20.0	upis	fun	lustig	zabavna	Ona je ___. (fun)
test-02.md#8#s21.0	upis	fun	lustig	zabavan	On je ___. (fun)
test-02.md#8#s22.0	upis	sad	traurig	tužna	Ona je ___. (sad)
test-02.md#8#s23.0	upis	angry	wütend	ljut	On je ___. (angry)
test-02.md#8#s24.0	upis	angry	wütend	ljuta	Ona je ___. (angry)
test-02.md#8#s25.0	upis	young	jung	mlad	On je ___. (young)
test-02.md#8#s26.0	upis	young	jung	mlada	Ona je ___. (young)
test-02.md#8#s27.0	upis	short	klein	nizak	On je ___. (short)
test-02.md#8#s28.0	upis	hard-working	fleißig	vrijedna	Ona je ___. (hard-working)
test-02.md#8#s29.0	upis	a cook	Köchin	kuharica	Ona je ___. (a cook)
test-02.md#8#s30.0	upis	an actor	Schauspieler	glumac	On je ___. (an actor)
test-02.md#8#s31.0	upis	a journalist	Journalistin	novinarka	Ona je ___. (a journalist)
test-02.md#8#s32.0	upis	a driver	Fahrer	vozač	On je ___. (a driver)
test-02.md#8#s33.0	upis	a teacher	Lehrerin	učiteljica	Ona je ___. (a teacher)
test-02.md#8#s34.0	upis	a lawyer	Anwalt	odvjetnik	On je ___. (a lawyer)
test-02.md#8#s35.0	upis	a doctor	Ärztin	doktorica	Ona je ___. (a doctor)
test-02.md#8#s36.0	upis	a waiter	Kellner	konobar	On je ___. (a waiter)
test-02.md#8#s37.0	upis	a student	eine Studentin	studentica	Ona je ___. (a student)
test-02.md#8#s38.0	upis	a Croat	Kroate	Hrvat	On je ___. (a Croat)
test-02.md#8#s39.0	upis	an Italian	Italienerin	Talijanka	Ona je ___. (an Italian)
test-02.md#8#s40.0	upis	a German	Deutscher	Nijemac	On je ___. (a German)
test-02.md#8#s41.0	upis	a Croat	Kroatin	Hrvatica	Ona je ___. (a Croat)
test-02.md#9#s14.0	izbor	old	alt	star	Grad je ___ . (old)
test-02.md#9#s15.0	izbor	new	neu	nova	Knjiga je ___ . (new)
test-02.md#9#s16.0	izbor	soft	weich	mekan	Krevet je ___ . (soft)
test-03.md#8#s8.0	izbor	tall	groß	visoka	Ona je ___ . (tall)
test-03.md#8#s9.0	izbor	tired	müde	umorni	Oni su ___ . (tired)
test-04.md#8#s1.0	upis	and	und	i	Mama radi ___ čita. (and)
test-04.md#8#s2.0	upis	whereas	während	a	Tata kuha, ___ brat uči. (whereas)
test-04.md#8#s3.0	upis	but	aber	ali	Stan je mali, ___ je dom topao. (but)
test-04.md#8#s4.0	upis	because	weil	jer	Ne plivam ___ je more hladno. (because)
test-04.md#8#s5.0	upis	and	und	i	Djed sjedi ___ čeka. (and)
test-04.md#8#s6.0	upis	whereas	während	a	Baka kuha, ___ mama čisti. (whereas)
test-04.md#8#s7.0	upis	but	aber	ali	Kuća je stara, ___ je lijepa. (but)
test-04.md#8#s8.0	upis	because	weil	jer	Sestra spava ___ je kasno. (because)
test-04.md#8#s9.0	upis	and	und	i	Djed je star ___ pametan. (and)
test-04.md#8#s10.0	upis	whereas	während	a	Ja radim, ___ ti spavaš. (whereas)
test-04.md#8#s11.0	upis	but	aber	ali	Soba je mala, ___ je topla. (but)
test-04.md#8#s12.0	upis	because	weil	jer	Volim ljeto ___ je more toplo. (because)
test-04.md#8#s13.0	upis	and	und	i	Sestra je mala ___ vesela. (and)
test-04.md#8#s14.0	upis	whereas	während	a	Ujak kuha, ___ teta čisti. (whereas)
test-04.md#8#s15.0	upis	but	aber	ali	Pas je star, ___ je veseo. (but)
test-04.md#8#s16.0	upis	because	weil	jer	Ne kuham danas ___ radim. (because)
test-04.md#8#s17.0	upis	and	und	i	Baka čita ___ sluša radio. (and)
test-04.md#8#s18.0	upis	whereas	während	a	Prijatelj sjedi, ___ susjed šeta. (whereas)
test-04.md#8#s19.0	upis	but	aber	ali	Mačka je mala, ___ je brza. (but)
test-04.md#8#s20.0	upis	because	weil	jer	Učim hrvatski ___ volim jezik. (because)
test-04.md#10#s12.0	izbor	smart	klug	pametna	Ona je ___ . (smart)
test-04.md#10#s13.0	izbor	big	groß	velika	Kuća je ___ . (big)
test-06.md#12#s13.0	izbor	big	groß	velika	Kuća je ___ . (big)
test-09.md#6#s1.0	izbor	his own	sein eigen-	svoj	Marko voli ___ klub. (his own)
test-09.md#6#s2.0	izbor	Ana's guitar	Anas Gitarre	njezinu	Marko gleda ___ gitaru. (Ana's guitar)
test-09.md#6#s3.0	izbor	her own	ihr eigen-	svoj	Ana nosi ___ dres. (her own)
test-09.md#6#s4.0	izbor	her own	ihr eigen-	svoju	Ana zove ___ sestru. (her own)
test-09.md#6#s5.0	izbor	Marko's sister	Markos Schwester	njegovu	Ana zove ___ sestru. (Marko's sister)
test-09.md#6#s6.0	izbor	their own	ihr eigen-, von ihnen	svoj	Igrači vole ___ klub. (their own)
test-09.md#6#s7.0	izbor	his own	sein eigen-	svoju	Trener gleda ___ momčad. (his own)
test-09.md#6#s8.0	izbor	their own	ihr eigen-, von ihnen	svoje	Djeca nose ___ dresove. (their own)
test-09.md#6#s9.0	izbor	her own	ihr eigen-	svoj	Ona vozi ___ auto. (her own)
test-09.md#6#s10.0	izbor	Marko's jersey	Markos Trikot	njegov	On nosi ___ dres. (Marko's jersey)
test-09.md#6#s11.0	izbor	his own	sein eigen-	svoj	Ivan voli ___ grad. (his own)
test-09.md#6#s12.0	izbor	his own	sein eigen-	svoju	Svaki igrač nosi ___ loptu. (his own)
test-09.md#8#s1.0	upis	my	mein	Moj	___ hobi je fotografija. (my)
test-09.md#8#s2.0	upis	my	mein	Moja	___ sestra svira gitaru. (my)
test-09.md#8#s3.0	upis	my	mein	Moje	___ koljeno boli. (my)
test-09.md#8#s4.0	upis	my	mein	Moji	___ hobiji su različiti. (my)
test-09.md#8#s5.0	upis	our	unser	Naš	___ klub trenira danas. (our)
test-09.md#8#s6.0	upis	our	unser	Naša	___ momčad pobjeđuje. (our)
test-09.md#8#s7.0	upis	our	unser	Naše	___ more je toplo. (our)
test-09.md#8#s8.0	upis	our	unser	Naši	___ igrači su brzi. (our)
test-09.md#8#s9.0	upis	his	sein	Njegov	___ dres je nov. (his)
test-09.md#8#s10.0	upis	his	sein	Njegova	___ pozicija je golman. (his)
test-09.md#8#s11.0	upis	his	sein	Njegovo	___ srce je jako. (his)
test-09.md#8#s12.0	upis	her	ihr – von ihr	Njezin	___ fotoaparat je star. (her)
test-09.md#8#s13.0	upis	her	ihr – von ihr	Njezina	___ gitara je nova. (her)
test-09.md#8#s14.0	upis	her	ihr – von ihr	Njezine	___ knjige su nove. (her)
test-09.md#8#s15.0	upis	their	ihr – von ihnen	Njihov	___ trener je pošten. (their)
test-09.md#8#s16.0	upis	their	ihr – von ihnen	Njihova	___ obrana je brza. (their)
test-09.md#8#s17.0	upis	your, plural	euer	Vaš	___ stadion je velik. (your, plural)
test-09.md#8#s18.0	upis	your, one person	dein	Tvoja	___ lopta je crvena. (your, one person)
test-10.md#5#s4.0	nastavak	a man	ein Mann	Yesterday I slept for a long time.	Jučer sam spava___ dugo. (a man)
test-10.md#5#s5.0	nastavak	a woman	eine Frau	Yesterday I slept for a long time.	Jučer sam spava___ dugo. (a woman)
test-10.md#5#s16.0	nastavak	a man	ein Mann	I went to the cinema.	Ja sam iša___ u kino. (a man)
test-10.md#5#s17.0	nastavak	a woman	eine Frau	I went to the cinema.	Ja sam iš___ u kino. (a woman)
test-10.md#13#s16.0	izbor	her	ihr – von ihr	Njezina	___ gitara je nova. (her)
test-10.md#13#s17.0	izbor	our	unser	Naš	___ klub je dobar. (our)
test-10.md#13#s18.0	izbor	his own	sein eigen-	svoj	Marko voli ___ klub. (his own)
test-10.md#13#s20.0	izbor	my	mein	Moje	___ koljeno boli. (my)
test-11.md#13#s12.0	izbor	her	ihr – von ihr	Njezina	___ gitara je nova. (her)
test-11.md#13#s13.0	izbor	his own	sein eigen-	svoj	Marko voli ___ klub. (his own)
test-11.md#13#s14.0	izbor	my	mein	Moje	___ koljeno boli. (my)
test-12.md#13#s7.0	izbor	her	ihr – von ihr	Njezina	___ gitara je nova. (her)
test-12.md#13#s8.0	izbor	his own	sein eigen-	svoj	Marko voli ___ klub. (his own)
test-12.md#13#s9.0	izbor	my	mein	Moje	___ koljeno boli. (my)
test-13.md#8#s1.0	izbor	islands	Inseln	otocima	Turisti su na ___ . (islands)
test-13.md#8#s2.0	izbor	schools	Schulen	školama	Djeca su u ___ . (schools)
test-13.md#8#s3.0	izbor	cities	Städte	gradovima	Turisti su u ___ . (cities)
test-13.md#8#s4.0	izbor	parks	Parks	parkovima	Djeca su u ___ . (parks)
test-13.md#8#s5.0	izbor	cinemas	Kinos	kinima	Filmovi su u ___ . (cinemas)
test-13.md#8#s6.0	izbor	shelves	Regale	policama	Knjige su na ___ . (shelves)
test-13.md#8#s7.0	izbor	garages	Garagen	garažama	Auti su u ___ . (garages)
test-13.md#8#s8.0	izbor	factories	Fabriken	tvornicama	Ljudi rade u ___ . (factories)
test-13.md#8#s9.0	izbor	rivers	Flüsse	rijekama	Pričamo o ___ . (rivers)
test-13.md#8#s10.0	izbor	harbors	Häfen	lukama	Brodovi su u ___ . (harbors)
test-13.md#8#s11.0	izbor	beaches	Strände	plažama	Djeca su na ___ . (beaches)
test-13.md#8#s12.0	izbor	bank, one	Bank, eine	banci	Mama je u ___ . (bank, one)
test-13.md#12#s3.0	izbor	her	ihr – von ihr	Njezina	___ gitara je nova. (her)
test-13.md#12#s4.0	izbor	my	mein	Moje	___ koljeno boli. (my)
test-13.md#12#s5.0	izbor	mine	meins	Moja	Čija je ovo lopta? — ___ . (mine)
test-13.md#12#s10.0	izbor	not	nicht	nije	Ana ___ pjevala. (not)
test-14.md#9#s1.0	izbor	him	ihm	Njemu	Komu pišeš? — ___ . (him)
test-14.md#9#s2.0	izbor	to me	mir	mi	Baka ___ šalje paket. (to me)
test-14.md#9#s3.0	izbor	to me	mir	Meni	___ šalje paket, ne tebi! (to me)
test-14.md#9#s4.0	izbor	to him	ihm	mu	Dajem ___ loptu. (to him)
test-14.md#9#s5.0	izbor	to us	uns	nam	Poštar ___ nosi novine. (to us)
test-14.md#9#s6.0	izbor	to them	ihnen	Njima	Komu daješ ključ? — ___ . (to them)
test-14.md#9#s7.0	izbor	to her	ihr	joj	Kupit ću ___ šal. (to her)
test-14.md#9#s8.0	izbor	to him	ihm	mu	Mama ___ je poslala paket. (to him)
test-14.md#13#s4.0	izbor	at the seaside	am Meer	na moru	Djeca su ___ . (at the seaside)
test-14.md#13#s9.0	izbor	nothing	nichts	ništa	Marko ___ ne jede. (nothing)
test-14.md#13#s19.0	izbor	her	ihr – von ihr	Njezina	___ gitara je nova. (her)
test-15.md#8#s1.0	izbor	with me	mit mir	sa mnom	Ideš li ___ u kino? (with me)
test-15.md#8#s2.0	izbor	with you, a friend	mit dir	s tobom	Idem ___ . (with you, a friend)
test-15.md#8#s5.0	izbor	with us	mit uns	s nama	Idete li ___ ? (with us)
test-15.md#8#s6.0	izbor	with them	mit ihnen	s njima	Večeramo ___ . (with them)
test-15.md#8#s7.0	izbor	with you, polite	mit Ihnen, höflich	s vama	Putujem ___ . (with you, polite)
test-15.md#8#s8.0	izbor	with him	mit ihm	S njim	S kim plešeš? — ___ . (with him)
test-15.md#8#s9.0	izbor	with me	mit mir	sa mnom	Tko putuje ___ ? (with me)
test-15.md#13#s5.0	izbor	nobody	niemand	nitko	Danas ___ ne ide u kino. (nobody)
test-15.md#13#s7.0	izbor	we don't have	wir haben kein	nemamo	Mi ___ auto. (we don't have)
test-15.md#13#s18.0	izbor	ići, a woman speaking	ići, eine Frau spricht	išla	Jučer sam ___ u kino s bratom. (ići, a woman speaking)
test-16.md#7#s1.0	izbor	above	über	iznad	Slika visi ___ stola. (above)
test-16.md#7#s2.0	izbor	under	unter	ispod	Mačka spava ___ kreveta. (under)
test-16.md#7#s3.0	izbor	in front of	vor	ispred	Auto je ___ kuće. (in front of)
test-16.md#7#s4.0	izbor	behind	hinter	iza	Vrt je ___ kuće. (behind)
test-16.md#7#s5.0	izbor	instead of	statt	umjesto	Pijem čaj ___ kave. (instead of)
test-16.md#7#s6.0	izbor	except	außer	osim	Nitko ne zna ___ Marka. (except)
test-16.md#7#s7.0	izbor	after	nach	Nakon	___ ručka spavam. (after)
test-16.md#7#s8.0	izbor	during	während	Tijekom	___ noći pada snijeg. (during)
test-16.md#7#s9.0	izbor	between	zwischen	između	Park je ___ škole i pošte. (between)
test-16.md#7#s10.0	izbor	outside	außerhalb	izvan	Kuća je ___ grada. (outside)
test-16.md#8#s5.0	izbor	two	zwei	dvije	___ sestre (two)
test-16.md#8#s6.0	izbor	two	zwei	dva	___ brata (two)
test-16.md#13#s3.0	izbor	with me	mit mir	sa mnom	Ideš li ___ ? (with me)
test-16.md#13#s7.0	izbor	to him	ihm	mu	Kupit ću ___ knjigu. (to him)
test-16.md#13#s16.0	izbor	tražiti, a man speaking	tražiti, ein Mann spricht	tražio	Jučer sam ___ ključ. (tražiti, a man speaking)
test-17.md#11#s1.0	upis	must	müssen	moram	Ja ___ ići. (must)
test-17.md#11#s2.0	upis	can	können	možeš	Ti ___ doći. (can)
test-17.md#11#s3.0	upis	must	müssen	moramo	Mi ___ kupiti brašno. (must)
test-17.md#11#s4.0	upis	can	können	mogu	Oni ne ___ plivati. (can)
test-17.md#11#s5.0	upis	want	wollen	hoće	Ona ___ limunadu. (want)
test-17.md#11#s6.0	upis	can	können	možete	Vi ___ skrenuti ovdje. (can)
test-17.md#11#s7.0	upis	must	müssen	moraju	Oni ___ požuriti. (must)
test-17.md#11#s8.0	upis	want	wollen	hoću	Ja ___ kavu. (want)
test-17.md#11#s9.0	upis	can, ti	können, ti	Možeš	___ li dodati sol? (can, ti)
test-17.md#11#s10.0	upis	must	müssen	mora	Marko ___ učiti. (must)
test-17.md#13#s12.0	izbor	nothing	nichts	ništa	Marko ___ ne jede. (nothing)
test-17.md#13#s15.0	izbor	kuhati, a woman speaking	kuhati, eine Frau spricht	kuhala	Jučer sam ___ juhu. (kuhati, a woman speaking)
test-18.md#12#s10.0	izbor	with me	mit mir	sa mnom	Ideš li ___ ? (with me)
test-18.md#12#s12.0	izbor	to her	ihr	joj	Kupit ću ___ cvijeće. (to her)
test-18.md#12#s16.0	izbor	gledati, a woman speaking	gledati, eine Frau spricht	gledala	Jučer sam ___ film. (gledati, a woman speaking)
test-19.md#9#s1.0	upis	pisati / napisati, a man	pisati / napisati, ein Mann	pisao	Cijelo poslijepodne sam ___ pismo. (pisati / napisati, a man)
test-19.md#9#s2.0	upis	pisati / napisati, a woman	pisati / napisati, eine Frau	napisala	Napokon sam ___ pismo. (pisati / napisati, a woman)
test-19.md#9#s7.0	upis	učiti / naučiti, a man	učiti / naučiti, ein Mann	naučio	Napokon sam ___ sve riječi. (učiti / naučiti, a man)
test-19.md#9#s10.0	upis	pisati / napisati, to a girl	pisati / napisati, zu einem Mädchen	napisala	Jesi li ___ zadaću? (pisati / napisati, to a girl)
test-19.md#12#s12.0	izbor	with me	mit mir	sa mnom	Ideš li ___ ? (with me)
test-19.md#12#s16.0	izbor	jesti, a woman speaking	jesti, eine Frau spricht	jela	Jučer sam ___ kolač. (jesti, a woman speaking)
test-20.md#8#s13.0	izbor	with me	mit mir	sa mnom	Ideš li ___ ? (with me)
test-20.md#9#s2.0	izbor	biti, a woman speaking	biti, eine Frau spricht	bila	Jučer sam ___ u kinu. (biti, a woman speaking)
test-20.md#11#s15.0	izbor	mine	meins	moj	Njegov dres je plav, a ___ je crven. (mine)
test-20.md#11#s16.0	izbor	her	ihr – von ihr	Njezina	___ gitara je nova. (her)
test-20.md#11#s18.0	izbor	gledati, a man speaking	gledati, ein Mann spricht	gledao	Jučer sam ___ film. (gledati, a man speaking)
test-20.md#11#s20.0	izbor	not	nicht	nije	Ana ___ pjevala. (not)
