en	hr	es	gdje
Your first Croatian sentences		Tus primeras oraciones en croata	Lesson 1:h
The coffee is good.	Kava je dobra.	El café está bueno.	Lesson 1:ex
The sea is blue.	More je plavo.	El mar es azul.	Lesson 1:ex
The city is big.	Grad je velik.	La ciudad es grande.	Lesson 1:t
The house is big.	Kuća je velika.	La casa es grande.	Lesson 1:t
The sea is big.	More je veliko.	El mar es grande.	Lesson 1:t
house	kuća	casa	Lesson 1:w
city	grad	ciudad	Lesson 1:w
sea	more	mar	Lesson 1:w
coffee	kava	café	Lesson 1:w
Things, colours and sizes		Cosas, colores y tamaños	Vocabulary 1:h
About 40 everyday words.		Unas 40 palabras cotidianas.	Vocabulary 1:s
room	soba	habitación	Vocabulary 1:w
table	stol	mesa	Vocabulary 1:w
book	knjiga	libro	Vocabulary 1:w
red	crven	rojo	Vocabulary 1:w
blue	plav	azul	Vocabulary 1:w
yellow	žut	amarillo	Vocabulary 1:w
big	velik	grande	Vocabulary 1:w
small	mali	pequeño	Vocabulary 1:w
new	nov	nuevo	Vocabulary 1:w
Endings that match		Terminaciones que concuerdan	Grammar 1:h
The coffee isn't good.	Kava nije dobra.	El café no está bueno.	Grammar 1:ex
is	je	es / está	Grammar 1:w
isn't	nije	no es / no está	Grammar 1:w
Read your first texts		Lee tus primeros textos	Practice 1:h
A city, a room and a café.		Una ciudad, una habitación y un café.	Practice 1:s
A coffee, please.	Kava, molim.	Un café, por favor.	Practice 1:t
Here you are.	Izvolite.	Aquí tiene.	Practice 1:t
Thank you!	Hvala!	¡Gracias!	Practice 1:t
Show what you know		Demuestra lo que sabes	Test 1:h
Words, endings and simple sentences.		Palabras, terminaciones y oraciones sencillas.	Test 1:s
Talking about people		Hablar de personas	Lesson 2:h
I am a student.	Ja sam studentica.	Soy estudiante.	Lesson 2:ex
She is tall.	Ona je visoka.	Ella es alta.	Lesson 2:ex
I am Ana.	Ja sam Ana.	Soy Ana.	Lesson 2:t
You are Marko.	Ti si Marko.	Eres Marko.	Lesson 2:t
They are cheerful.	Oni su veseli.	Son alegres.	Lesson 2:t
I	ja	yo	Lesson 2:w
you	ti	tú	Lesson 2:w
he	on	él	Lesson 2:w
she	ona	ella	Lesson 2:w
Jobs, countries, character		Profesiones, países y carácter	Vocabulary 2:h
People words and your first greetings.		Palabras sobre personas y tus primeros saludos.	Vocabulary 2:s
cook	kuhar	cocinero	Vocabulary 2:w
driver	vozač	chofer	Vocabulary 2:w
teacher	učitelj	maestro	Vocabulary 2:w
Croat	Hrvat	croata	Vocabulary 2:w
Italian	Talijan	italiano	Vocabulary 2:w
German	Nijemac	alemán	Vocabulary 2:w
How are you?	Kako si?	¿Cómo estás?	Vocabulary 2:t
I'm fine.	Dobro sam.	Estoy bien.	Vocabulary 2:t
"The verb ""to be"""		El verbo “ser/estar”	Grammar 2:h
We are tourists.	Mi smo turisti.	Somos turistas.	Grammar 2:ex
I'm not hungry.	Nisam gladan.	No tengo hambre.	Grammar 2:ex
Meet new people		Conoce gente nueva	Practice 2:h
Introductions, a café and a team.		Presentaciones, un café y un equipo.	Practice 2:s
Who are you?	Tko si ti?	¿Quién eres?	Practice 2:t
How are you?	Kako ste?	¿Cómo está? / ¿Cómo están?	Practice 2:t
I'm fine, thanks.	Dobro sam, hvala.	Estoy bien, gracias.	Practice 2:t
"People, ""to be"" and introductions."		Personas, “ser/estar” y presentaciones.	Test 2:s
I am	sam	soy / estoy	Test 2:w
we are	smo	somos / estamos	Test 2:w
they are	su	son / están	Test 2:w
Things you do		Cosas que haces	Lesson 3:h
I'm drinking tea.	Pijem čaj.	Tomo té.	Lesson 3:ex
Ana is working.	Ana radi.	Ana trabaja.	Lesson 3:ex
I read	čitam	leo	Lesson 3:t
you read	čitaš	lees	Lesson 3:t
he / she reads	čita	lee (él / ella)	Lesson 3:t
drink	piti	beber	Lesson 3:w
eat	jesti	comer	Lesson 3:w
work	raditi	trabajar	Lesson 3:w
sleep	spavati	dormir	Lesson 3:w
Everyday verbs		Verbos cotidianos	Vocabulary 3:h
Verbs and the things that go with them.		Verbos y las cosas que van con ellos.	Vocabulary 3:s
read	čitati	leer	Vocabulary 3:w
write	pisati	escribir	Vocabulary 3:w
bread	kruh	pan	Vocabulary 3:w
cheese	sir	queso	Vocabulary 3:w
tea	čaj	té	Vocabulary 3:w
always	uvijek	siempre	Vocabulary 3:w
often	često	a menudo	Vocabulary 3:w
never	nikad	nunca	Vocabulary 3:w
The present tense		El presente	Grammar 3:h
I'm learning Croatian.	Učim hrvatski.	Aprendo croata.	Grammar 3:ex
I'm not drinking juice.	Ne pijem sok.	No tomo jugo.	Grammar 3:ex
A day of actions		Un día de acciones	Practice 3:h
A flat, an evening and a quiet Sunday.		Un departamento, una noche y un domingo tranquilo.	Practice 3:s
What are you doing?	Što radiš?	¿Qué haces?	Practice 3:t
I'm watching a film.	Gledam film.	Veo una película.	Practice 3:t
Everyday verbs in the present.		Verbos cotidianos en presente.	Test 3:s
I don't drink	ne pijem	no tomo	Test 3:w
The family		La familia	Lesson 4:h
Dad cooks, my brother studies.	Tata kuha, a brat uči.	Papá cocina y mi hermano estudia.	Lesson 4:ex
Mum works and reads.	Mama radi i čita.	Mamá trabaja y lee.	Lesson 4:ex
and	i	y	Lesson 4:t
and, while	a	y, mientras que	Lesson 4:t
but	ali	pero	Lesson 4:t
mum	mama	mamá	Lesson 4:w
dad	tata	papá	Lesson 4:w
brother	brat	hermano	Lesson 4:w
sister	sestra	hermana	Lesson 4:w
Family and home		Familia y hogar	Vocabulary 4:h
Close family, wider family and new verbs.		Familia cercana, familia extendida y verbos nuevos.	Vocabulary 4:s
grandma	baka	abuela	Vocabulary 4:w
child	dijete	niño	Vocabulary 4:w
have	imati	tener	Vocabulary 4:w
cook	kuhati	cocinar	Vocabulary 4:w
live	živjeti	vivir	Vocabulary 4:w
Joining sentences		Unir oraciones	Grammar 4:h
I'm not swimming because it's cold.	Ne plivam jer je hladno.	No nado porque hace frío.	Grammar 4:ex
because	jer	porque	Grammar 4:t
Family life		La vida en familia	Practice 4:h
A family, a busy morning and Saturday at home.		Una familia, una mañana ajetreada y un sábado en casa.	Practice 4:s
This is a family.	Ovo je obitelj.	Esta es una familia.	Practice 4:t
What are you doing today?	Što radiš danas?	¿Qué haces hoy?	Practice 4:t
Grandma is cooking.	Baka kuha.	La abuela cocina.	Practice 4:t
Family words, verbs and joining words.		Palabras de familia, verbos y palabras para unir.	Test 4:s
Shopping		De compras	Lesson 5:h
I'm drinking coffee.	Pijem kavu.	Tomo café.	Lesson 5:ex
Do you need a bag?	Trebate li vrećicu?	¿Necesita una bolsa?	Lesson 5:ex
I'm eating an apple.	Jedem jabuku.	Como una manzana.	Lesson 5:t
water	voda	agua	Lesson 5:w
fish	riba	pescado	Lesson 5:w
Shopping and food		Compras y comida	Vocabulary 5:h
Market words and 10 new verbs.		Palabras del mercado y 10 verbos nuevos.	Vocabulary 5:s
soup	juha	sopa	Vocabulary 5:w
rice	riža	arroz	Vocabulary 5:w
milk	mlijeko	leche	Vocabulary 5:w
meat	meso	carne	Vocabulary 5:w
buy	kupovati	comprar	Vocabulary 5:w
need	trebati	necesitar	Vocabulary 5:w
pay	plaćati	pagar	Vocabulary 5:w
Your first case		Tu primer caso	Grammar 5:h
I'm buying fresh lettuce.	Kupujem svježu salatu.	Compro lechuga fresca.	Grammar 5:ex
I'm going to the shop.	Idem u trgovinu.	Voy a la tienda.	Grammar 5:ex
to the shop	u trgovinu	a la tienda	Grammar 5:w
to the market	na tržnicu	al mercado	Grammar 5:w
At the market		En el mercado	Practice 5:h
A market, a note on the fridge and breakfast.		Un mercado, una nota en el refrigerador y el desayuno.	Practice 5:s
Ana is buying an apple.	Ana kupuje jabuku.	Ana compra una manzana.	Practice 5:t
We need bread and rice.	Trebamo kruh i rižu.	Necesitamos pan y arroz.	Practice 5:t
I love coffee!	Volim kavu!	¡Me encanta el café!	Practice 5:t
Food, shopping and your first case.		Comida, compras y tu primer caso.	Test 5:s
bread (no change)	kruh	pan (sin cambio)	Test 5:w
In the city		En la ciudad	Lesson 6:h
I see a friend.	Vidim prijatelja.	Veo a un amigo.	Lesson 6:ex
I'm waiting for the tram.	Čekam tramvaj.	Espero el tranvía.	Lesson 6:ex
I see a tram.	Vidim tramvaj.	Veo un tranvía.	Lesson 6:t
I see a dog.	Vidim psa.	Veo un perro.	Lesson 6:t
street	ulica	calle	Lesson 6:w
square	trg	plaza	Lesson 6:w
bridge	most	puente	Lesson 6:w
The city and traffic		La ciudad y el tráfico	Vocabulary 6:h
People, transport and places in town.		Personas, transporte y lugares de la ciudad.	Vocabulary 6:s
tram	tramvaj	tranvía	Vocabulary 6:w
train	vlak	tren	Vocabulary 6:w
bike	bicikl	bicicleta	Vocabulary 6:w
see	vidjeti	ver	Vocabulary 6:w
hear	čuti	oír	Vocabulary 6:w
drive	voziti	manejar	Vocabulary 6:w
People and things		Personas y cosas	Grammar 6:h
I'm waiting for a friend.	Čekam prijatelja.	Espero a un amigo.	Grammar 6:ex
I see him.	Vidim ga.	Lo veo.	Grammar 6:ex
me	me	=	Grammar 6:w
you	te	te	Grammar 6:w
him	ga	lo	Grammar 6:w
her	je	la	Grammar 6:w
City life		La vida en la ciudad	Practice 6:h
A tram ride, a busy street and a lost dog.		Un viaje en tranvía, una calle con mucho movimiento y un perro perdido.	Practice 6:s
Ana is waiting for the tram.	Ana čeka tramvaj.	Ana espera el tranvía.	Practice 6:t
The tram is full.	Tramvaj je pun.	El tranvía está lleno.	Practice 6:t
Excuse me!	Oprostite!	¡Disculpe!	Practice 6:t
The city and the whole first case.		La ciudad y todo el primer caso.	Test 6:s
him, it	ga	lo (a él, a eso)	Test 6:w
At school: more than one		En la escuela: más de uno	Lesson 7:h
The books are new.	Knjige su nove.	Los libros son nuevos.	Lesson 7:ex
The pupils are singing.	Učenici pjevaju.	Los alumnos cantan.	Lesson 7:ex
school	škola	escuela	Lesson 7:w
pencil	olovka	lápiz	Lesson 7:w
exam	ispit	examen	Lesson 7:w
School and songs		Escuela y canciones	Vocabulary 7:h
School words, plurals and 10 new verbs.		Palabras de la escuela, plurales y 10 verbos nuevos.	Vocabulary 7:s
bag	torba	bolsa	Vocabulary 7:w
grade	ocjena	calificación	Vocabulary 7:w
homework	zadaća	tarea	Vocabulary 7:w
sing	pjevati	cantar	Vocabulary 7:w
play	igrati	jugar	Vocabulary 7:w
know	znati	saber	Vocabulary 7:w
The plural		El plural	Grammar 7:h
The tables are old.	Stolovi su stari.	Las mesas son viejas.	Grammar 7:ex
The children are singing.	Djeca pjevaju.	Los niños cantan.	Grammar 7:ex
School days		Días de escuela	Practice 7:h
A school, a timetable, a choir and new pupils.		Una escuela, un horario, un coro y alumnos nuevos.	Practice 7:s
Good morning, children!	Dobro jutro, djeco!	¡Buenos días, niños!	Practice 7:t
Plural nouns, adjectives and verbs.		Sustantivos, adjetivos y verbos en plural.	Test 7:s
Summer plans		Planes de verano	Lesson 8:h
I will swim.	Plivat ću.	Nadaré.	Lesson 8:ex
We will travel.	Mi ćemo putovati.	Viajaremos.	Lesson 8:ex
We will travel on Saturday.	Putovat ćemo u subotu.	Viajaremos el sábado.	Lesson 8:t
I won't swim.	Neću plivati.	No nadaré.	Lesson 8:t
beach	plaža	playa	Lesson 8:w
island	otok	isla	Lesson 8:w
tomorrow	sutra	mañana	Lesson 8:w
Plans and travel		Planes y viajes	Vocabulary 8:h
Holidays, days, clothes and 10 new verbs.		Vacaciones, días, ropa y 10 verbos nuevos.	Vocabulary 8:s
suitcase	kofer	maleta	Vocabulary 8:w
weekend	vikend	fin de semana	Vocabulary 8:w
week	tjedan	semana	Vocabulary 8:w
travel	putovati	viajar	Vocabulary 8:w
swim	plivati	nadar	Vocabulary 8:w
fly	letjeti	volar	Vocabulary 8:w
The future		El futuro	Grammar 8:h
Tomorrow I will swim.	Sutra ću plivati.	Mañana nadaré.	Grammar 8:ex
I won't work.	Neću raditi.	No trabajaré.	Grammar 8:ex
Plans and journeys		Planes y trayectos	Practice 8:h
A summer plan, a packing list and a train ticket.		Un plan de verano, una lista para la maleta y un boleto de tren.	Practice 8:s
We will go to Split.	Ići ćemo u Split.	Iremos a Split.	Practice 8:t
I will get up early.	Ustat ću rano.	Me levantaré temprano.	Practice 8:t
Dad will drive.	Tata će voziti.	Papá manejará.	Practice 8:t
Plans, travel and the future.		Planes, viajes y el futuro.	Test 8:s
I will swim.	Ja ću plivati.	Yo nadaré.	Test 8:t
Sport and hobbies		Deporte y pasatiempos	Lesson 9:h
My hobby is photography.	Moj hobi je fotografija.	Mi pasatiempo es la fotografía.	Lesson 9:ex
My knee hurts.	Boli me koljeno.	Me duele la rodilla.	Lesson 9:ex
my jersey	moj dres	mi camiseta	Lesson 9:t
my ball	moja lopta	mi pelota	Lesson 9:t
my knee	moje koljeno	mi rodilla	Lesson 9:t
head	glava	cabeza	Lesson 9:w
arm	ruka	brazo	Lesson 9:w
leg	noga	pierna	Lesson 9:w
heart	srce	corazón	Lesson 9:w
"Sport, body and ""my"""		Deporte, cuerpo y “mi”	Vocabulary 9:h
Sport words, the body and whose it is.		Palabras de deporte, el cuerpo y de quién es cada cosa.	Vocabulary 9:s
club	klub	club	Vocabulary 9:w
coach	trener	entrenador	Vocabulary 9:w
player	igrač	jugador	Vocabulary 9:w
my	moj	mi	Vocabulary 9:w
your	tvoj	tu	Vocabulary 9:w
our	naš	nuestro	Vocabulary 9:w
Mine, yours, ours		Mío, tuyo, nuestro	Grammar 9:h
his guitar	njegova gitara	su guitarra (de él)	Grammar 9:ex
Marko loves his own sister.	Marko voli svoju sestru.	Marko quiere a su propia hermana.	Grammar 9:ex
my / his / her own	svoj	mi / su (de él, de ella) propio	Grammar 9:w
whose	čiji	de quién	Grammar 9:w
Our club, my hobby		Nuestro club, mi pasatiempo	Practice 9:h
A hobby, a lost ball and a football club.		Un pasatiempo, una pelota perdida y un club de fútbol.	Practice 9:s
Is this your ball?	Je li ovo tvoja lopta?	¿Esta es tu pelota?	Practice 9:t
Yes, it's mine!	Da, moja je!	¡Sí, es mía!	Practice 9:t
Our club is small.	Naš klub je mali.	Nuestro club es pequeño.	Practice 9:t
Possessives, sport and the body.		Posesivos, deporte y el cuerpo.	Test 9:s
Yesterday		Ayer	Lesson 10:h
I watched a film.	Gledao sam film.	Vi una película.	Lesson 10:ex
It was perfect.	Bilo je savršeno.	Fue perfecto.	Lesson 10:ex
He watched.	On je gledao.	Él vio.	Lesson 10:t
She watched.	Ona je gledala.	Ella vio.	Lesson 10:t
They watched.	Oni su gledali.	Ellos vieron.	Lesson 10:t
yesterday	jučer	ayer	Lesson 10:w
last night	sinoć	anoche	Lesson 10:w
Yesterday and free time		Ayer y el tiempo libre	Vocabulary 10:h
Films, time words and phrases for stories.		Películas, palabras de tiempo y frases para contar historias.	Vocabulary 10:s
series	serija	serie	Vocabulary 10:w
comedy	komedija	comedia	Vocabulary 10:w
theatre	kazalište	teatro	Vocabulary 10:w
recently	nedavno	hace poco	Vocabulary 10:w
How was it?	Kako je bilo?	¿Qué tal estuvo?	Vocabulary 10:t
It was great!	Bilo je super!	¡Estuvo genial!	Vocabulary 10:t
The past tense		El pasado	Grammar 10:h
Yesterday I watched a film.	Jučer sam gledao film.	Ayer vi una película.	Grammar 10:ex
I didn't have time.	Nisam imao vremena.	No tuve tiempo.	Grammar 10:ex
I (did)	sam	yo (hice)	Grammar 10:w
I didn't	nisam	yo no (hice)	Grammar 10:w
Last weekend		El fin de semana pasado	Practice 10:h
A lazy Saturday, the seaside and a family weekend.		Un sábado tranquilo, la playa y un fin de semana en familia.	Practice 10:s
Where were you yesterday?	Gdje si bio jučer?	¿Dónde estuviste ayer?	Practice 10:t
I was at the seaside.	Bio sam na moru.	Estuve en la playa.	Practice 10:t
I swam.	Plivao sam.	Nadé.	Practice 10:t
The past tense and free time.		El pasado y el tiempo libre.	Test 10:s
I wasn't / didn't	nisam	no estuve / no (hice)	Test 10:w
Asking questions		Hacer preguntas	Lesson 11:h
What are you buying?	Što kupuješ?	¿Qué compras?	Lesson 11:ex
How much is it?	Koliko košta?	¿Cuánto cuesta?	Lesson 11:ex
Where do you live?	Gdje živiš?	¿Dónde vives?	Lesson 11:t
Do you like coffee?	Voliš li kavu?	¿Te gusta el café?	Lesson 11:t
It's nice, isn't it?	Lijepo je, zar ne?	Es lindo, ¿no?	Lesson 11:t
1	jedan	=	Lesson 11:w
5	pet	=	Lesson 11:w
10	deset	=	Lesson 11:w
20	dvadeset	=	Lesson 11:w
Questions and numbers		Preguntas y números	Vocabulary 11:h
Question words, numbers and birthdays.		Palabras interrogativas, números y cumpleaños.	Vocabulary 11:s
who	tko	quién	Vocabulary 11:w
what	što	qué	Vocabulary 11:w
where	gdje	dónde	Vocabulary 11:w
when	kada	cuándo	Vocabulary 11:w
why	zašto	por qué	Vocabulary 11:w
how much	koliko	cuánto	Vocabulary 11:w
five	pet	cinco	Vocabulary 11:w
ten	deset	diez	Vocabulary 11:w
a hundred	sto	cien	Vocabulary 11:w
Three ways to ask		Tres formas de preguntar	Grammar 11:h
When are you coming?	Kada dolaziš?	¿Cuándo vienes?	Grammar 11:ex
Do you like coffee? — I do.	Voliš li kavu? — Volim.	¿Te gusta el café? – Sí.	Grammar 11:ex
Where are you?	Gdje si?	¿Dónde estás?	Grammar 11:t
Are you tired?	Jesi li umoran?	¿Estás cansado?	Grammar 11:t
You're tired, right?	Umoran si, zar ne?	Estás cansado, ¿verdad?	Grammar 11:t
which	koji	cuál	Grammar 11:w
what kind	kakav	qué tipo de	Grammar 11:w
The present mystery		El misterio del regalo	Practice 11:h
A birthday present, a mystery box and a quiz.		Un regalo de cumpleaños, una caja misteriosa y un quiz.	Practice 11:s
For whom?	Za koga?	¿Para quién?	Practice 11:t
Who sent the present?	Tko je poslao poklon?	¿Quién mandó el regalo?	Practice 11:t
Happy birthday!	Sretan rođendan!	¡Feliz cumpleaños!	Practice 11:t
Questions, numbers and prices.		Preguntas, números y precios.	Test 11:s
How old are you?	Koliko godina imaš?	¿Cuántos años tienes?	Test 11:t
I'm twenty.	Imam dvadeset godina.	Tengo veinte años.	Test 11:t
Saying no		Decir que no	Lesson 12:h
I'm not eating anything.	Ništa ne jedem.	No como nada.	Lesson 12:ex
I never drink milk.	Nikad ne pijem mlijeko.	Nunca tomo leche.	Lesson 12:ex
I am not	nisam	no soy / no estoy	Lesson 12:t
I don't have	nemam	no tengo	Lesson 12:t
I won't	neću	no voy a / no (haré)	Lesson 12:t
nothing	ništa	nada	Lesson 12:w
nobody	nitko	nadie	Lesson 12:w
Food we (don't) like		Comida que (no) nos gusta	Vocabulary 12:h
Food, tastes and eating out.		Comida, sabores y comer fuera.	Vocabulary 12:s
chicken	piletina	pollo	Vocabulary 12:w
mushrooms	gljive	champiñones	Vocabulary 12:w
pancakes	palačinke	panqueques	Vocabulary 12:w
salty	slan	salado	Vocabulary 12:w
sour	kiseo	ácido	Vocabulary 12:w
spicy	ljut	picante	Vocabulary 12:w
Enjoy your meal!	Dobar tek!	¡Buen provecho!	Vocabulary 12:t
The bill, please.	Račun, molim.	La cuenta, por favor.	Vocabulary 12:t
Negation		La negación	Grammar 12:h
Nobody is cooking.	Nitko ne kuha.	Nadie cocina.	Grammar 12:ex
I don't drink coffee, but tea.	Ne pijem kavu, nego čaj.	No tomo café, sino té.	Grammar 12:ex
something → nothing	nešto → ništa	algo → nada	Grammar 12:t
somebody → nobody	netko → nitko	alguien → nadie	Grammar 12:t
sometimes → never	nekad → nikad	a veces → nunca	Grammar 12:t
not yet	još ne	todavía no	Grammar 12:w
no longer	više ne	ya no	Grammar 12:w
The picky eaters		Los quisquillosos con la comida	Practice 12:h
Soup, a restaurant and a child who eats nothing.		Sopa, un restaurante y un niño que no come nada.	Practice 12:s
I don't like soup.	Ne volim juhu.	No me gusta la sopa.	Practice 12:t
Do you have fish?	Imate li ribu?	¿Tienen pescado?	Practice 12:t
Sorry, we don't.	Nažalost, nemamo.	Lo siento, no tenemos.	Practice 12:t
Saying no, and food.		Decir que no, y la comida.	Test 12:s
I don't have time.	Nemam vremena.	No tengo tiempo.	Test 12:t
I won't come.	Neću doći.	No vendré.	Test 12:t
Where are you?		¿Dónde estás?	Lesson 13:h
I'm in town.	Ja sam u gradu.	Estoy en el centro.	Lesson 13:ex
Ana is at school.	Ana je u školi.	Ana está en la escuela.	Lesson 13:ex
I'm going to town.	Idem u grad.	Voy al centro.	Lesson 13:t
post office	pošta	oficina de correos	Lesson 13:w
kitchen	kuhinja	cocina	Lesson 13:w
upstairs	gore	arriba	Lesson 13:w
Places and home		Lugares y casa	Vocabulary 13:h
Places in town, rooms and furniture.		Lugares de la ciudad, habitaciones y muebles.	Vocabulary 13:s
pharmacy	ljekarna	farmacia	Vocabulary 13:w
harbour	luka	puerto	Vocabulary 13:w
bathroom	kupaonica	baño	Vocabulary 13:w
hall	hodnik	pasillo	Vocabulary 13:w
up	gore	arriba	Vocabulary 13:w
down	dolje	abajo	Vocabulary 13:w
there	tamo	allí	Vocabulary 13:w
The locative		El locativo	Grammar 13:h
I work in an office.	Radim u uredu.	Trabajo en una oficina.	Grammar 13:ex
I'm talking about you.	Pričam o tebi.	Hablo de ti.	Grammar 13:ex
in the bank	u banci	en el banco	Grammar 13:w
about me	o meni	sobre mí	Grammar 13:w
Around town		Por la ciudad	Practice 13:h
A neighbourhood, a phone call and a family chat.		Un barrio, una llamada y una charla en familia.	Practice 13:s
I'm on the bus.	U autobusu sam.	Estoy en el autobús.	Practice 13:t
I'm still at the office.	Još sam u uredu.	Todavía estoy en la oficina.	Practice 13:t
Where people and things are.		Dónde están las personas y las cosas.	Test 13:s
Giving presents		Hacer regalos	Lesson 14:h
I'm buying Mum a scarf.	Mami kupujem šal.	Le compro una bufanda a mamá.	Lesson 14:ex
I'm helping my brother.	Pomažem bratu.	Ayudo a mi hermano.	Lesson 14:ex
to Mum	mama → mami	a mamá	Lesson 14:t
to Dad	tata → tati	a papá	Lesson 14:t
to my brother	brat → bratu	a mi hermano	Lesson 14:t
package	paket	paquete	Lesson 14:w
toy	igračka	juguete	Lesson 14:w
postcard	razglednica	postal	Lesson 14:w
Giving and receivers		Dar y receptores	Vocabulary 14:h
Gifts, receivers and December words.		Regalos, receptores y palabras de diciembre.	Vocabulary 14:s
necklace	ogrlica	collar	Vocabulary 14:w
umbrella	kišobran	paraguas	Vocabulary 14:w
give	davati	dar	Vocabulary 14:w
send	slati	enviar	Vocabulary 14:w
bring	donijeti	traer	Vocabulary 14:w
Christmas	Božić	Navidad	Vocabulary 14:w
snow	snijeg	nieve	Vocabulary 14:w
message	poruka	mensaje	Vocabulary 14:w
The dative		El dativo	Grammar 14:h
Grandma is sending me a package.	Baka mi šalje paket.	La abuela me manda un paquete.	Grammar 14:ex
To me, not to you!	Meni, ne tebi!	¡A mí, no a ti!	Grammar 14:ex
me		a mí	Grammar 14:g
you		a ti	Grammar 14:g
him		a él	Grammar 14:g
her		a ella	Grammar 14:g
To whom?	Komu?	¿A quién?	Grammar 14:w
December gifts		Regalos de diciembre	Practice 14:h
Presents, a postman and a card from Grandma.		Regalos, un cartero y una tarjeta de la abuela.	Practice 14:s
Who are you writing to?	Komu pišeš?	¿A quién le escribes?	Practice 14:t
I'm writing to Grandma.	Pišem baki.	Le escribo a la abuela.	Practice 14:t
Merry Christmas!	Sretan Božić!	¡Feliz Navidad!	Practice 14:t
Giving to someone, and being somewhere.		Darle algo a alguien y estar en algún lugar.	Test 14:s
I give Mum flowers.	Dajem mami cvijeće.	Le doy flores a mamá.	Test 14:t
Mum is in the kitchen.	Mama je u kuhinji.	Mamá está en la cocina.	Test 14:t
Going out		Salir	Lesson 15:h
I'm going with Marko.	Idem s Markom.	Voy con Marko.	Lesson 15:ex
We're going by train.	Idemo vlakom.	Vamos en tren.	Lesson 15:ex
with my brother	s bratom	con mi hermano	Lesson 15:t
with my sister	sa sestrom	con mi hermana	Lesson 15:t
by tram	tramvajem	en tranvía	Lesson 15:t
party	zabava	fiesta	Lesson 15:w
dinner	večera	cena	Lesson 15:w
night out	izlazak	salida nocturna	Lesson 15:w
Going out and weather		Salir y el clima	Vocabulary 15:h
A night out, transport and the weather.		Una salida nocturna, el transporte y el clima.	Vocabulary 15:s
dance	ples	baile	Vocabulary 15:w
ferry	trajekt	ferry	Vocabulary 15:w
scooter	skuter	scooter	Vocabulary 15:w
on foot	pješice	a pie	Vocabulary 15:w
rain	kiša	lluvia	Vocabulary 15:w
wind	vjetar	viento	Vocabulary 15:w
cloud	oblak	nube	Vocabulary 15:w
The instrumental		El instrumental	Grammar 15:h
I write with a pencil.	Pišem olovkom.	Escribo con un lápiz.	Grammar 15:ex
I'm going with you.	Idem s tobom.	Voy contigo.	Grammar 15:ex
with me	sa mnom	conmigo	Grammar 15:w
with you	s tobom	contigo	Grammar 15:w
Friday night		Viernes por la noche	Practice 15:h
Going out, a train ride and a café menu.		Una salida, un viaje en tren y el menú de un café.	Practice 15:s
Who are you going with?	S kim ideš?	¿Con quién vas?	Practice 15:t
With my sister.	Sa sestrom.	Con mi hermana.	Practice 15:t
Coffee with milk	Kava s mlijekom	Café con leche	Practice 15:t
Four cases, one word.		Cuatro casos, una palabra.	Test 15:s
I see Mum.	Vidim mamu.	Veo a mamá.	Test 15:t
I'm writing to Mum.	Pišem mami.	Le escribo a mamá.	Test 15:t
I'm talking about Mum.	Pričam o mami.	Hablo de mamá.	Test 15:t
I'm going with Mum.	Idem s mamom.	Voy con mamá.	Test 15:t
Grandma's house		La casa de la abuela	Lesson 16:h
Coffee without sugar.	Kava bez šećera.	Café sin azúcar.	Lesson 16:ex
No problem!	Nema problema!	¡No hay problema!	Lesson 16:ex
at Grandma's	kod bake	en casa de la abuela	Lesson 16:t
from Zagreb	iz Zagreba	de Zagreb	Lesson 16:t
next to the house	pokraj kuće	junto a la casa	Lesson 16:t
garden	vrt	jardín	Lesson 16:w
door	vrata	puerta	Lesson 16:w
smell	miris	olor	Lesson 16:w
House and home		Casa y hogar	Vocabulary 16:h
Home words and little words for places.		Palabras de la casa y palabritas para lugares.	Vocabulary 16:s
colour	boja	color	Vocabulary 16:w
picture	slika	imagen	Vocabulary 16:w
without	bez	sin	Vocabulary 16:w
from	iz	de (desde)	Vocabulary 16:w
at	kod	en casa de	Vocabulary 16:w
in front of	ispred	delante de	Vocabulary 16:w
behind	iza	detrás de	Vocabulary 16:w
under	ispod	debajo de	Vocabulary 16:w
The genitive		El genitivo	Grammar 16:h
my grandma's house	kuća moje bake	la casa de mi abuela	Grammar 16:ex
Two coffees, please.	Dvije kave, molim.	Dos cafés, por favor.	Grammar 16:ex
one coffee	jedna kava	un café	Grammar 16:w
five coffees	pet kava	cinco cafés	Grammar 16:w
The road to the sea		El camino al mar	Practice 16:h
Grandma's house, a café and a drive to the coast.		La casa de la abuela, un café y un viaje en auto a la costa.	Practice 16:s
Next to the house is a garden.	Pokraj kuće je vrt.	Junto a la casa hay un jardín.	Practice 16:t
One tea for Marko.	Jedan čaj za Marka.	Un té para Marko.	Practice 16:t
We're travelling from Zagreb.	Putujemo iz Zagreba.	Viajamos desde Zagreb.	Practice 16:t
The genitive and the home.		El genitivo y la casa.	Test 16:s
Giving orders		Dar órdenes	Lesson 17:h
Take three eggs.	Uzmi tri jaja.	Toma tres huevos.	Lesson 17:ex
Turn left.	Skrenite lijevo.	Gire a la izquierda.	Lesson 17:ex
Look!	Gledaj!	¡Mira!	Lesson 17:t
Take!	Uzmi!	¡Toma!	Lesson 17:t
Drink!	Pij!	¡Bebe!	Lesson 17:t
left	lijevo	izquierda	Lesson 17:w
right	desno	derecha	Lesson 17:w
straight on	ravno	todo recto	Lesson 17:w
Recipes and directions		Recetas e indicaciones	Vocabulary 17:h
Kitchen words, commands and directions.		Palabras de cocina, órdenes e indicaciones.	Vocabulary 17:s
flour	brašno	harina	Vocabulary 17:w
pan	tava	sartén	Vocabulary 17:w
oil	ulje	aceite	Vocabulary 17:w
take	uzmi	toma	Vocabulary 17:w
add	dodaj	agrega	Vocabulary 17:w
mix	miješaj	mezcla	Vocabulary 17:w
The imperative		El imperativo	Grammar 17:h
Look! (all of you)	Gledajte!	¡Miren! (ustedes)	Grammar 17:ex
Can you help me?	Možeš li mi pomoći?	¿Me puedes ayudar?	Grammar 17:ex
let's		vamos a…	Grammar 17:g
I can	mogu	puedo	Grammar 17:w
I must	moram	debo	Grammar 17:w
I want	hoću	quiero	Grammar 17:w
Pancakes, finding the station and a strict coach.		Panqueques, buscar la estación y un entrenador estricto.	Practice 17:s
Where is the station?	Gdje je kolodvor?	¿Dónde está la estación?	Practice 17:t
Go straight on.	Idite ravno.	Siga todo recto.	Practice 17:t
Drink water!	Pij vodu!	¡Bebe agua!	Practice 17:t
Commands, recipes and directions.		Órdenes, recetas e indicaciones.	Test 17:s
A million euros		Un millón de euros	Lesson 18:h
I would buy a house.	Kupio bih kuću.	Compraría una casa.	Lesson 18:ex
I'd like a coffee.	Htjela bih kavu.	Quisiera un café.	Lesson 18:ex
I would buy... (he)	Kupio bih...	Compraría... (él)	Lesson 18:t
I would buy... (she)	Kupila bih...	Compraría... (ella)	Lesson 18:t
Could you...?	Biste li mogli...?	¿Podría...? / ¿Podrían...?	Lesson 18:t
dream	san	sueño	Lesson 18:w
happiness	sreća	felicidad	Lesson 18:w
if	ako	si	Lesson 18:w
Wishes and feelings		Deseos y sentimientos	Vocabulary 18:h
"Dreams, feelings and ""would""."		Sueños, sentimientos y el condicional.	Vocabulary 18:s
yacht	jahta	yate	Vocabulary 18:w
villa	vila	villa	Vocabulary 18:w
fear	strah	miedo	Vocabulary 18:w
hope	nada	esperanza	Vocabulary 18:w
dream	sanjati	soñar	Vocabulary 18:w
hope	nadati se	esperar (tener esperanza)	Vocabulary 18:w
fear	bojati se	tener miedo	Vocabulary 18:w
The conditional		El condicional	Grammar 18:h
We would go to the sea.	Išli bismo na more.	Iríamos al mar.	Grammar 18:ex
I wouldn't hurry.	Ne bih žurila.	No me apuraría.	Grammar 18:ex
Dreams and perfect days		Sueños y días perfectos	Practice 18:h
Lottery dreams, a perfect day and a street survey.		Sueños de lotería, un día perfecto y una encuesta en la calle.	Practice 18:s
First I'd buy a house.	Prvo bih kupio kuću.	Primero compraría una casa.	Practice 18:t
I'd swim every day.	Svaki dan bih plivala.	Nadaría todos los días.	Practice 18:t
What would you do?	Što biste radili?	¿Qué harían?	Practice 18:t
Wishes, dreams and feelings.		Deseos, sueños y sentimientos.	Test 18:s
he		él	Test 18:g
she		ella	Test 18:g
Verb twins		Verbos gemelos	Lesson 19:h
I was writing a letter.	Pisao sam pismo.	Estaba escribiendo una carta.	Lesson 19:ex
I finished the letter.	Napisao sam pismo.	Terminé la carta.	Lesson 19:ex
write → finish writing	pisati → napisati	escribir → terminar de escribir	Lesson 19:t
drink → drink up	piti → popiti	beber → beberse todo	Lesson 19:t
read → read it all	čitati → pročitati	leer → leerlo todo	Lesson 19:t
for long	dugo	por mucho tiempo	Lesson 19:w
finally	napokon	por fin	Lesson 19:w
at once	odmah	enseguida	Lesson 19:w
Stories and events		Historias y sucesos	Vocabulary 19:h
Verb pairs, time words and story words.		Pares de verbos, palabras de tiempo y palabras para historias.	Vocabulary 19:s
study → learn	učiti → naučiti	estudiar → aprender	Vocabulary 19:t
shop → buy	kupovati → kupiti	ir de compras → comprar	Vocabulary 19:t
suddenly	odjednom	de repente	Vocabulary 19:w
already	već	ya	Vocabulary 19:w
Finished or not?		¿Terminado o no?	Grammar 19:h
Ana studied all evening.	Ana je učila cijelu večer.	Ana estudió toda la noche.	Grammar 19:ex
She learned everything.	Naučila je sve.	Lo aprendió todo.	Grammar 19:ex
going on		en curso	Grammar 19:g
finished		terminado	Grammar 19:g
The letter		La carta	Practice 19:h
A long letter, homework and a Saturday list.		Una carta larga, la tarea y una lista para el sábado.	Practice 19:s
Did you finish your homework?	Jesi li napisao zadaću?	¿Terminaste tu tarea?	Practice 19:t
Almost!	Skoro!	¡Casi!	Practice 19:t
Finally!	Napokon!	¡Por fin!	Practice 19:t
Verb pairs: going on or finished.		Pares de verbos: en curso o terminado.	Test 19:s
Big sentences		Oraciones largas	Lesson 20:h
I'm staying in because it's raining.	Ostajem doma jer pada kiša.	Me quedo en casa porque llueve.	Lesson 20:ex
If it's sunny, we'll go out.	Ako je sunčano, idemo van.	Si hace sol, salimos.	Lesson 20:ex
when	kad	cuando	Lesson 20:t
although	iako	aunque	Lesson 20:t
which, who	koji	que, quien	Lesson 20:w
that	da	que	Lesson 20:w
Memories and big sentences		Recuerdos y oraciones largas	Vocabulary 20:h
Joining words, summer memories and learning.		Palabras para unir, recuerdos de verano y aprendizaje.	Vocabulary 20:s
while	dok	mientras	Vocabulary 20:w
like	kao	como	Vocabulary 20:w
memory	uspomena	recuerdo	Vocabulary 20:w
seagull	galeb	gaviota	Vocabulary 20:w
Complex sentences		Oraciones complejas	Grammar 20:h
I think you'll come.	Mislim da ćeš doći.	Creo que vendrás.	Grammar 20:ex
the film I'm watching	film koji gledam	la película que estoy viendo	Grammar 20:ex
When you come, call me.	Kad dođeš, zovi me.	Cuando vengas, llámame.	Grammar 20:t
I know that it is big.	Znam da je velik.	Sé que es grande.	Grammar 20:t
The summer I remember		El verano que recuerdo	Practice 20:h
An island summer, an essay and a postcard.		Un verano en una isla, una redacción y una postal.	Practice 20:s
Greetings from the island!	Pozdrav s otoka!	¡Saludos desde la isla!	Practice 20:t
Dear Grandma,	Draga bako,	Querida abuela:	Practice 20:t
I'm learning Croatian because...	Učim hrvatski jer...	Aprendo croata porque...	Practice 20:t
The final test		La prueba final	Test 20:h
Everything from all 20 lessons.		Todo lo de las 20 lecciones.	Test 20:s
I'm learning.	Učim.	Aprendo.	Test 20:t
I learned.	Učio sam.	Aprendí.	Test 20:t
I will learn.	Učit ću.	Aprenderé.	Test 20:t
I would learn.	Učio bih.	Aprendería.	Test 20:t
