ČESTITAMO! Module C complete	ČESTITAMO! Module C is complete
In Lesson 1 you described houses and coffee	In Lesson 1 you described houses, coffee and the sea
Bravo! You can now refuse, deny and protest	Bravo! You can now refuse, complain and order
The possessives are adjectives at heart	Possessives are adjectives at heart
Divno! You can now give, send and bring	Divno! You can now give, send, bring and write things to anyone
The ending is the name tag:	The ending is the name tag.
Nema + genitive says something's missing	There is no = nema + genitive.
The new bit: making things	The new bit is making things
Same u/na logic as before:	Same u/na logic as before.
Two quirks to meet today:	Two quirks to meet today.
Notice what's missing?	Notice what's missing.
Croatian commands are short and punchy	Croatian commands are short:
Recognize the rhythm?	Recognise the rhythm?
All three answers live in one case	All three answers use one case
A club, a hobby, and a few people	A club, a hobby, and a family that cannot agree
Croatian dreams run on the	Croatian dreams use the
In Croatian, negatives stack	Croatian negative words need a second ne.
One exception today:	Two exceptions today.
Here's Croatian's deepest secret	Almost every Croatian verb has a twin.
