ČESTITAMO! Module C is complete	@blobby
In Lesson 1 you described houses, coffee and the sea	@blobby
Bravo! You can now refuse, complain and order	@blobby
Possessives are adjectives at heart	@blobby
Divno! You can now give, send, bring and write things to anyone	@blobby
The ending is the name tag.	@blobby
There is no = nema + genitive.	@blobby
The new bit is making things	@blobby
Same u/na logic as before.	@blobby
Two quirks to meet today.	@blobby
Notice what's missing.	@blobby
Croatian commands are short:	@blobby
Recognise the rhythm?	@blobby
All three answers use one case	@blobby
A club, a hobby, and a family that cannot agree	@blobby
Croatian dreams use the	@blobby
Croatian negative words need a second ne.	@blobby
Two exceptions today.	@blobby
Almost every Croatian verb has a twin.	@blobby
%1 is part of Croland Plus. Portal, Konoba and Gradovi Hrvatske are free with any account. See plans and codes on your account page.	%1 gehört zu Croland Plus. Portal, Konoba und Gradovi Hrvatske sind mit jedem Konto kostenlos. Pläne und Codes findest du auf deiner Kontoseite.
view:miniIgra:	=
Continue: %1	Weiter: %1
<button class="igPlay	=
Unlock with Plus	Mit Plus freischalten
